Formula,Hardness_HV,Co,Fe,Ni,Si,Al,Cr,Mo,Ti,Cu,Mn,Nb,V,Zr,B,Nd,Sn,Hf,Ta,W,Zn,Re,C,Pd,Sc,Y
Co0.33333333Fe0.33333333Ni0.33333333,125.0,0.33333333,0.33333333,0.33333333,0.0,0.0,0.0,0.0,0.0,0.0,0.0,0.0,0.0,0.0,0.0,0.0,0.0,0.0,0.0,0.0,0.0,0.0,0.0,0.0,0.0,0.0
Co0.30769231Fe0.30769231Ni0.30769231Si0.07692308,149.0,0.30769231,0.30769231,0.30769231,0.07692308,0.0,0.0,0.0,0.0,0.0,0.0,0.0,0.0,0.0,0.0,0.0,0.0,0.0,0.0,0.0,0.0,0.0,0.0,0.0,0.0,0.0
Co0.28571429Fe0.28571429Ni0.28571429Si0.14285714,287.0,0.28571429,0.28571429,0.28571429,0.14285714,0.0,0.0,0.0,0.0,0.0,0.0,0.0,0.0,0.0,0.0,0.0,0.0,0.0,0.0,0.0,0.0,0.0,0.0,0.0,0.0,0.0
Co0.26666667Fe0.26666667Ni0.26666667Si0.2,570.0,0.26666667,0.26666667,0.26666667,0.2,0.0,0.0,0.0,0.0,0.0,0.0,0.0,0.0,0.0,0.0,0.0,0.0,0.0,0.0,0.0,0.0,0.0,0.0,0.0,0.0,0.0
Al0.11111111Co0.22222222Cr0.22222222Fe0.22222222Ni0.22222222,209.0,0.22222222,0.22222222,0.22222222,0.0,0.11111111,0.22222222,0.0,0.0,0.0,0.0,0.0,0.0,0.0,0.0,0.0,0.0,0.0,0.0,0.0,0.0,0.0,0.0,0.0,0.0,0.0
Al0.1Co0.2Cr0.2Fe0.2Mo0.1Ni0.2,425.0,0.2,0.2,0.2,0.0,0.1,0.2,0.1,0.0,0.0,0.0,0.0,0.0,0.0,0.0,0.0,0.0,0.0,0.0,0.0,0.0,0.0,0.0,0.0,0.0,0.0
Al0.24993752Co0.16670832Cr0.16670832Fe0.16670832Mo0.08322919Ni0.16670832,655.0,0.16670832,0.16670832,0.16670832,0.0,0.24993752,0.16670832,0.08322919,0.0,0.0,0.0,0.0,0.0,0.0,0.0,0.0,0.0,0.0,0.0,0.0,0.0,0.0,0.0,0.0,0.0,0.0
Al0.30769231Co0.15384615Cr0.15384615Fe0.15384615Mo0.07692308Ni0.15384615,605.0,0.15384615,0.15384615,0.15384615,0.0,0.30769231,0.15384615,0.07692308,0.0,0.0,0.0,0.0,0.0,0.0,0.0,0.0,0.0,0.0,0.0,0.0,0.0,0.0,0.0,0.0,0.0,0.0
Co0.22222222Cr0.22222222Fe0.22222222Mo0.11111111Ni0.22222222,210.0,0.22222222,0.22222222,0.22222222,0.0,0.0,0.22222222,0.11111111,0.0,0.0,0.0,0.0,0.0,0.0,0.0,0.0,0.0,0.0,0.0,0.0,0.0,0.0,0.0,0.0,0.0,0.0
Al0.28571429Co0.14285714Cr0.14285714Fe0.14285714Ni0.14285714Ti0.14285714,643.0,0.14285714,0.14285714,0.14285714,0.0,0.28571429,0.14285714,0.0,0.14285714,0.0,0.0,0.0,0.0,0.0,0.0,0.0,0.0,0.0,0.0,0.0,0.0,0.0,0.0,0.0,0.0,0.0
Al0.03217223Co0.24189647Cr0.16134494Fe0.16134494Ni0.24189647Ti0.16134494,717.0,0.24189647,0.16134494,0.24189647,0.0,0.03217223,0.16134494,0.0,0.16134494,0.0,0.0,0.0,0.0,0.0,0.0,0.0,0.0,0.0,0.0,0.0,0.0,0.0,0.0,0.0,0.0,0.0
Al0.035Co0.26315789Cr0.17552632Fe0.17552632Ni0.26315789Ti0.08763158,487.0,0.26315789,0.17552632,0.26315789,0.0,0.035,0.17552632,0.0,0.08763158,0.0,0.0,0.0,0.0,0.0,0.0,0.0,0.0,0.0,0.0,0.0,0.0,0.0,0.0,0.0,0.0,0.0
Co0.24993752Cr0.16670832Fe0.16670832Ni0.24993752Ti0.16670832,654.0,0.24993752,0.16670832,0.24993752,0.0,0.0,0.16670832,0.0,0.16670832,0.0,0.0,0.0,0.0,0.0,0.0,0.0,0.0,0.0,0.0,0.0,0.0,0.0,0.0,0.0,0.0,0.0
Co0.27270248Cr0.18189256Fe0.18189256Ni0.27270248Ti0.09080993,509.0,0.27270248,0.18189256,0.27270248,0.0,0.0,0.18189256,0.0,0.09080993,0.0,0.0,0.0,0.0,0.0,0.0,0.0,0.0,0.0,0.0,0.0,0.0,0.0,0.0,0.0,0.0,0.0
Al0.175Co0.075Cr0.25Fe0.25Ni0.25,624.0,0.075,0.25,0.25,0.0,0.175,0.25,0.0,0.0,0.0,0.0,0.0,0.0,0.0,0.0,0.0,0.0,0.0,0.0,0.0,0.0,0.0,0.0,0.0,0.0,0.0
Al0.27262814Co0.18184297Cr0.18184297Fe0.18184297Ni0.18184297,402.0,0.18184297,0.18184297,0.18184297,0.0,0.27262814,0.18184297,0.0,0.0,0.0,0.0,0.0,0.0,0.0,0.0,0.0,0.0,0.0,0.0,0.0,0.0,0.0,0.0,0.0,0.0,0.0
Cr0.2Cu0.2Fe0.2Mn0.2Ni0.2,296.0,0.0,0.2,0.2,0.0,0.0,0.2,0.0,0.0,0.2,0.2,0.0,0.0,0.0,0.0,0.0,0.0,0.0,0.0,0.0,0.0,0.0,0.0,0.0,0.0,0.0
Cr0.2Cu0.2Fe0.2Mo0.2Ni0.2,263.0,0.0,0.2,0.2,0.0,0.0,0.2,0.2,0.0,0.2,0.0,0.0,0.0,0.0,0.0,0.0,0.0,0.0,0.0,0.0,0.0,0.0,0.0,0.0,0.0,0.0
Al0.19607843Co0.19607843Cr0.19607843Fe0.19607843Nb0.01960784Ni0.19607843,569.0,0.19607843,0.19607843,0.19607843,0.0,0.19607843,0.19607843,0.0,0.0,0.0,0.0,0.01960784,0.0,0.0,0.0,0.0,0.0,0.0,0.0,0.0,0.0,0.0,0.0,0.0,0.0,0.0
Al0.19047619Co0.19047619Cr0.19047619Fe0.19047619Nb0.04761905Ni0.19047619,668.0,0.19047619,0.19047619,0.19047619,0.0,0.19047619,0.19047619,0.0,0.0,0.0,0.0,0.04761905,0.0,0.0,0.0,0.0,0.0,0.0,0.0,0.0,0.0,0.0,0.0,0.0,0.0,0.0
Al0.18181818Co0.18181818Cr0.18181818Fe0.18181818Nb0.09090909Ni0.18181818,747.0,0.18181818,0.18181818,0.18181818,0.0,0.18181818,0.18181818,0.0,0.0,0.0,0.0,0.09090909,0.0,0.0,0.0,0.0,0.0,0.0,0.0,0.0,0.0,0.0,0.0,0.0,0.0,0.0
Al0.2Co0.1Cr0.2Fe0.2Mo0.1Ni0.2,801.0,0.1,0.2,0.2,0.0,0.2,0.2,0.1,0.0,0.0,0.0,0.0,0.0,0.0,0.0,0.0,0.0,0.0,0.0,0.0,0.0,0.0,0.0,0.0,0.0,0.0
Al0.16670832Co0.24993752Cr0.16670832Fe0.16670832Mo0.08322919Ni0.16670832,741.0,0.24993752,0.16670832,0.16670832,0.0,0.16670832,0.16670832,0.08322919,0.0,0.0,0.0,0.0,0.0,0.0,0.0,0.0,0.0,0.0,0.0,0.0,0.0,0.0,0.0,0.0,0.0,0.0
Al0.15384615Co0.30769231Cr0.15384615Fe0.15384615Mo0.07692308Ni0.15384615,586.0,0.30769231,0.15384615,0.15384615,0.0,0.15384615,0.15384615,0.07692308,0.0,0.0,0.0,0.0,0.0,0.0,0.0,0.0,0.0,0.0,0.0,0.0,0.0,0.0,0.0,0.0,0.0,0.0
Al0.19607843Co0.19607843Cr0.19607843Fe0.11764706Mo0.09803922Ni0.19607843,754.0,0.19607843,0.11764706,0.19607843,0.0,0.19607843,0.19607843,0.09803922,0.0,0.0,0.0,0.0,0.0,0.0,0.0,0.0,0.0,0.0,0.0,0.0,0.0,0.0,0.0,0.0,0.0,0.0
Al0.16670832Co0.16670832Cr0.16670832Fe0.24993752Mo0.08322919Ni0.16670832,635.0,0.16670832,0.24993752,0.16670832,0.0,0.16670832,0.16670832,0.08322919,0.0,0.0,0.0,0.0,0.0,0.0,0.0,0.0,0.0,0.0,0.0,0.0,0.0,0.0,0.0,0.0,0.0,0.0
Al0.15384615Co0.15384615Cr0.15384615Fe0.30769231Mo0.07692308Ni0.15384615,639.0,0.15384615,0.30769231,0.15384615,0.0,0.15384615,0.15384615,0.07692308,0.0,0.0,0.0,0.0,0.0,0.0,0.0,0.0,0.0,0.0,0.0,0.0,0.0,0.0,0.0,0.0,0.0,0.0
Al0.22222222Co0.22222222Cr0.22222222Fe0.22222222Mo0.11111111,857.0,0.22222222,0.22222222,0.0,0.0,0.22222222,0.22222222,0.11111111,0.0,0.0,0.0,0.0,0.0,0.0,0.0,0.0,0.0,0.0,0.0,0.0,0.0,0.0,0.0,0.0,0.0,0.0
Al0.18181818Co0.18181818Cr0.18181818Fe0.18181818Mo0.09090909Ni0.18181818,730.0,0.18181818,0.18181818,0.18181818,0.0,0.18181818,0.18181818,0.09090909,0.0,0.0,0.0,0.0,0.0,0.0,0.0,0.0,0.0,0.0,0.0,0.0,0.0,0.0,0.0,0.0,0.0,0.0
Al0.2Co0.2Cr0.2Fe0.2Mo0.1Ni0.1,708.0,0.2,0.2,0.1,0.0,0.2,0.2,0.1,0.0,0.0,0.0,0.0,0.0,0.0,0.0,0.0,0.0,0.0,0.0,0.0,0.0,0.0,0.0,0.0,0.0,0.0
Al0.16670832Co0.16670832Cr0.16670832Fe0.16670832Mo0.08322919Ni0.24993752,586.0,0.16670832,0.16670832,0.24993752,0.0,0.16670832,0.16670832,0.08322919,0.0,0.0,0.0,0.0,0.0,0.0,0.0,0.0,0.0,0.0,0.0,0.0,0.0,0.0,0.0,0.0,0.0,0.0
Al0.15384615Co0.15384615Cr0.15384615Fe0.15384615Mo0.07692308Ni0.30769231,395.0,0.15384615,0.15384615,0.30769231,0.0,0.15384615,0.15384615,0.07692308,0.0,0.0,0.0,0.0,0.0,0.0,0.0,0.0,0.0,0.0,0.0,0.0,0.0,0.0,0.0,0.0,0.0,0.0
Al0.125Co0.125Cr0.125Fe0.125Ni0.125Ti0.125V0.125Zr0.125,780.0,0.125,0.125,0.125,0.0,0.125,0.125,0.0,0.125,0.0,0.0,0.0,0.125,0.125,0.0,0.0,0.0,0.0,0.0,0.0,0.0,0.0,0.0,0.0,0.0,0.0
Al0.14285714Co0.14285714Fe0.14285714Ni0.14285714Ti0.14285714V0.14285714Zr0.14285714,790.0,0.14285714,0.14285714,0.14285714,0.0,0.14285714,0.0,0.0,0.14285714,0.0,0.0,0.0,0.14285714,0.14285714,0.0,0.0,0.0,0.0,0.0,0.0,0.0,0.0,0.0,0.0,0.0,0.0
Al0.16666667Fe0.16666667Ni0.16666667Ti0.16666667V0.16666667Zr0.16666667,800.0,0.0,0.16666667,0.16666667,0.0,0.16666667,0.0,0.0,0.16666667,0.0,0.0,0.0,0.16666667,0.16666667,0.0,0.0,0.0,0.0,0.0,0.0,0.0,0.0,0.0,0.0,0.0,0.0
Co0.125Cr0.125Cu0.125Fe0.125Ni0.125Ti0.125V0.125Zr0.125,680.0,0.125,0.125,0.125,0.0,0.0,0.125,0.0,0.125,0.125,0.0,0.0,0.125,0.125,0.0,0.0,0.0,0.0,0.0,0.0,0.0,0.0,0.0,0.0,0.0,0.0
Co0.125Cr0.125Fe0.125Mo0.125Ni0.125Ti0.125V0.125Zr0.125,850.0,0.125,0.125,0.125,0.0,0.0,0.125,0.125,0.125,0.0,0.0,0.0,0.125,0.125,0.0,0.0,0.0,0.0,0.0,0.0,0.0,0.0,0.0,0.0,0.0,0.0
Co0.14285714Cu0.14285714Fe0.14285714Ni0.14285714Ti0.14285714V0.14285714Zr0.14285714,630.0,0.14285714,0.14285714,0.14285714,0.0,0.0,0.0,0.0,0.14285714,0.14285714,0.0,0.0,0.14285714,0.14285714,0.0,0.0,0.0,0.0,0.0,0.0,0.0,0.0,0.0,0.0,0.0,0.0
Co0.14285714Fe0.14285714Mo0.14285714Ni0.14285714Ti0.14285714V0.14285714Zr0.14285714,790.0,0.14285714,0.14285714,0.14285714,0.0,0.0,0.0,0.14285714,0.14285714,0.0,0.0,0.0,0.14285714,0.14285714,0.0,0.0,0.0,0.0,0.0,0.0,0.0,0.0,0.0,0.0,0.0,0.0
Cu0.16666667Fe0.16666667Ni0.16666667Ti0.16666667V0.16666667Zr0.16666667,590.0,0.0,0.16666667,0.16666667,0.0,0.0,0.0,0.0,0.16666667,0.16666667,0.0,0.0,0.16666667,0.16666667,0.0,0.0,0.0,0.0,0.0,0.0,0.0,0.0,0.0,0.0,0.0,0.0
Fe0.16666667Mo0.16666667Ni0.16666667Ti0.16666667V0.16666667Zr0.16666667,740.0,0.0,0.16666667,0.16666667,0.0,0.0,0.0,0.16666667,0.16666667,0.0,0.0,0.0,0.16666667,0.16666667,0.0,0.0,0.0,0.0,0.0,0.0,0.0,0.0,0.0,0.0,0.0,0.0
Al0.03846154Co0.19230769Cr0.19230769Fe0.19230769Mn0.19230769Ni0.19230769,171.0,0.19230769,0.19230769,0.19230769,0.0,0.03846154,0.19230769,0.0,0.0,0.0,0.19230769,0.0,0.0,0.0,0.0,0.0,0.0,0.0,0.0,0.0,0.0,0.0,0.0,0.0,0.0,0.0
Al0.07063197Co0.18587361Cr0.18587361Fe0.18587361Mn0.18587361Ni0.18587361,182.0,0.18587361,0.18587361,0.18587361,0.0,0.07063197,0.18587361,0.0,0.0,0.0,0.18587361,0.0,0.0,0.0,0.0,0.0,0.0,0.0,0.0,0.0,0.0,0.0,0.0,0.0,0.0,0.0
Al0.07918969Co0.18416206Cr0.18416206Fe0.18416206Mn0.18416206Ni0.18416206,183.0,0.18416206,0.18416206,0.18416206,0.0,0.07918969,0.18416206,0.0,0.0,0.0,0.18416206,0.0,0.0,0.0,0.0,0.0,0.0,0.0,0.0,0.0,0.0,0.0,0.0,0.0,0.0,0.0
Al0.2Co0.16Cr0.16Fe0.16Mn0.16Ni0.16,539.0,0.16,0.16,0.16,0.0,0.2,0.16,0.0,0.0,0.0,0.16,0.0,0.0,0.0,0.0,0.0,0.0,0.0,0.0,0.0,0.0,0.0,0.0,0.0,0.0,0.0
Co0.19047619Cr0.19047619Fe0.19047619Mn0.19047619Ni0.19047619V0.04761905,144.0,0.19047619,0.19047619,0.19047619,0.0,0.0,0.19047619,0.0,0.0,0.0,0.19047619,0.0,0.04761905,0.0,0.0,0.0,0.0,0.0,0.0,0.0,0.0,0.0,0.0,0.0,0.0,0.0
Co0.18181818Cr0.18181818Fe0.18181818Mn0.18181818Ni0.18181818V0.09090909,275.0,0.18181818,0.18181818,0.18181818,0.0,0.0,0.18181818,0.0,0.0,0.0,0.18181818,0.0,0.09090909,0.0,0.0,0.0,0.0,0.0,0.0,0.0,0.0,0.0,0.0,0.0,0.0,0.0
Co0.17391304Cr0.17391304Fe0.17391304Mn0.17391304Ni0.17391304V0.13043478,342.0,0.17391304,0.17391304,0.17391304,0.0,0.0,0.17391304,0.0,0.0,0.0,0.17391304,0.0,0.13043478,0.0,0.0,0.0,0.0,0.0,0.0,0.0,0.0,0.0,0.0,0.0,0.0,0.0
Co0.16666667Cr0.16666667Fe0.16666667Mn0.16666667Ni0.16666667V0.16666667,650.0,0.16666667,0.16666667,0.16666667,0.0,0.0,0.16666667,0.0,0.0,0.0,0.16666667,0.0,0.16666667,0.0,0.0,0.0,0.0,0.0,0.0,0.0,0.0,0.0,0.0,0.0,0.0,0.0
Al0.06975933Cr0.23264737Fe0.34879665Mn0.23264737Ni0.11614928,297.0,0.0,0.34879665,0.11614928,0.0,0.06975933,0.23264737,0.0,0.0,0.0,0.23264737,0.0,0.0,0.0,0.0,0.0,0.0,0.0,0.0,0.0,0.0,0.0,0.0,0.0,0.0,0.0
Al0.111Cr0.22233333Fe0.33333333Mn0.22233333Ni0.111,396.0,0.0,0.33333333,0.111,0.0,0.111,0.22233333,0.0,0.0,0.0,0.22233333,0.0,0.0,0.0,0.0,0.0,0.0,0.0,0.0,0.0,0.0,0.0,0.0,0.0,0.0,0.0
Al0.25Cr0.25Fe0.25Ni0.25,472.0,0.0,0.25,0.25,0.0,0.25,0.25,0.0,0.0,0.0,0.0,0.0,0.0,0.0,0.0,0.0,0.0,0.0,0.0,0.0,0.0,0.0,0.0,0.0,0.0,0.0
Al0.2Cr0.2Fe0.2Mo0.2Ni0.2,905.0,0.0,0.2,0.2,0.0,0.2,0.2,0.2,0.0,0.0,0.0,0.0,0.0,0.0,0.0,0.0,0.0,0.0,0.0,0.0,0.0,0.0,0.0,0.0,0.0,0.0
Al0.23809524Cr0.23809524Fe0.23809524Mo0.04761905Ni0.23809524,549.0,0.0,0.23809524,0.23809524,0.0,0.23809524,0.23809524,0.04761905,0.0,0.0,0.0,0.0,0.0,0.0,0.0,0.0,0.0,0.0,0.0,0.0,0.0,0.0,0.0,0.0,0.0,0.0
Al0.20833333Cr0.20833333Fe0.20833333Mo0.16666667Ni0.20833333,854.0,0.0,0.20833333,0.20833333,0.0,0.20833333,0.20833333,0.16666667,0.0,0.0,0.0,0.0,0.0,0.0,0.0,0.0,0.0,0.0,0.0,0.0,0.0,0.0,0.0,0.0,0.0,0.0
Co0.22222222Cr0.22222222Cu0.11111111Fe0.22222222Ni0.22222222,172.0,0.22222222,0.22222222,0.22222222,0.0,0.0,0.22222222,0.0,0.0,0.11111111,0.0,0.0,0.0,0.0,0.0,0.0,0.0,0.0,0.0,0.0,0.0,0.0,0.0,0.0,0.0,0.0
Al0.0877193B0.03508772Co0.1754386Cr0.1754386Cu0.1754386Fe0.1754386Ni0.1754386,415.0,0.1754386,0.1754386,0.1754386,0.0,0.0877193,0.1754386,0.0,0.0,0.1754386,0.0,0.0,0.0,0.0,0.03508772,0.0,0.0,0.0,0.0,0.0,0.0,0.0,0.0,0.0,0.0,0.0
Al0.08196721B0.09836066Co0.16393443Cr0.16393443Cu0.16393443Fe0.16393443Ni0.16393443,505.0,0.16393443,0.16393443,0.16393443,0.0,0.08196721,0.16393443,0.0,0.0,0.16393443,0.0,0.0,0.0,0.0,0.09836066,0.0,0.0,0.0,0.0,0.0,0.0,0.0,0.0,0.0,0.0,0.0
Al0.07692308B0.15384615Co0.15384615Cr0.15384615Cu0.15384615Fe0.15384615Ni0.15384615,736.0,0.15384615,0.15384615,0.15384615,0.0,0.07692308,0.15384615,0.0,0.0,0.15384615,0.0,0.0,0.0,0.0,0.15384615,0.0,0.0,0.0,0.0,0.0,0.0,0.0,0.0,0.0,0.0,0.0
Al0.07692308Co0.15384615Cr0.15384615Cu0.15384615Fe0.15384615Ni0.15384615Ti0.15384615,636.0,0.15384615,0.15384615,0.15384615,0.0,0.07692308,0.15384615,0.0,0.15384615,0.15384615,0.0,0.0,0.0,0.0,0.0,0.0,0.0,0.0,0.0,0.0,0.0,0.0,0.0,0.0,0.0,0.0
Al0.0877193Co0.1754386Cr0.1754386Cu0.1754386Fe0.1754386Ni0.1754386Ti0.03508772,272.0,0.1754386,0.1754386,0.1754386,0.0,0.0877193,0.1754386,0.0,0.03508772,0.1754386,0.0,0.0,0.0,0.0,0.0,0.0,0.0,0.0,0.0,0.0,0.0,0.0,0.0,0.0,0.0,0.0
Al0.08474576Co0.16949153Cr0.16949153Cu0.16949153Fe0.16949153Ni0.16949153Ti0.06779661,321.0,0.16949153,0.16949153,0.16949153,0.0,0.08474576,0.16949153,0.0,0.06779661,0.16949153,0.0,0.0,0.0,0.0,0.0,0.0,0.0,0.0,0.0,0.0,0.0,0.0,0.0,0.0,0.0,0.0
Al0.08196721Co0.16393443Cr0.16393443Cu0.16393443Fe0.16393443Ni0.16393443Ti0.09836066,458.0,0.16393443,0.16393443,0.16393443,0.0,0.08196721,0.16393443,0.0,0.09836066,0.16393443,0.0,0.0,0.0,0.0,0.0,0.0,0.0,0.0,0.0,0.0,0.0,0.0,0.0,0.0,0.0,0.0
Al0.07936508Co0.15873016Cr0.15873016Cu0.15873016Fe0.15873016Ni0.15873016Ti0.12698413,590.0,0.15873016,0.15873016,0.15873016,0.0,0.07936508,0.15873016,0.0,0.12698413,0.15873016,0.0,0.0,0.0,0.0,0.0,0.0,0.0,0.0,0.0,0.0,0.0,0.0,0.0,0.0,0.0,0.0
Al0.07470441Co0.14922967Cr0.14922967Cu0.14922967Fe0.14922967Ni0.14922967Ti0.17914726,646.0,0.14922967,0.14922967,0.14922967,0.0,0.07470441,0.14922967,0.0,0.17914726,0.14922967,0.0,0.0,0.0,0.0,0.0,0.0,0.0,0.0,0.0,0.0,0.0,0.0,0.0,0.0,0.0,0.0
Al0.07245789Co0.14491577Cr0.14491577Cu0.14491577Fe0.14491577Ni0.14491577Ti0.20296326,664.0,0.14491577,0.14491577,0.14491577,0.0,0.07245789,0.14491577,0.0,0.20296326,0.14491577,0.0,0.0,0.0,0.0,0.0,0.0,0.0,0.0,0.0,0.0,0.0,0.0,0.0,0.0,0.0,0.0
Al0.06666667Co0.13333333Cr0.13333333Cu0.13333333Fe0.13333333Ni0.13333333Ti0.26666667,696.0,0.13333333,0.13333333,0.13333333,0.0,0.06666667,0.13333333,0.0,0.26666667,0.13333333,0.0,0.0,0.0,0.0,0.0,0.0,0.0,0.0,0.0,0.0,0.0,0.0,0.0,0.0,0.0,0.0
Al0.0877193Co0.1754386Cr0.1754386Cu0.1754386Fe0.1754386Ni0.1754386V0.03508772,204.0,0.1754386,0.1754386,0.1754386,0.0,0.0877193,0.1754386,0.0,0.0,0.1754386,0.0,0.0,0.03508772,0.0,0.0,0.0,0.0,0.0,0.0,0.0,0.0,0.0,0.0,0.0,0.0,0.0
Al0.08474576Co0.16949153Cr0.16949153Cu0.16949153Fe0.16949153Ni0.16949153V0.06779661,231.0,0.16949153,0.16949153,0.16949153,0.0,0.08474576,0.16949153,0.0,0.0,0.16949153,0.0,0.0,0.06779661,0.0,0.0,0.0,0.0,0.0,0.0,0.0,0.0,0.0,0.0,0.0,0.0,0.0
Al0.08196721Co0.16393443Cr0.16393443Cu0.16393443Fe0.16393443Ni0.16393443V0.09836066,328.0,0.16393443,0.16393443,0.16393443,0.0,0.08196721,0.16393443,0.0,0.0,0.16393443,0.0,0.0,0.09836066,0.0,0.0,0.0,0.0,0.0,0.0,0.0,0.0,0.0,0.0,0.0,0.0,0.0
Al0.07936508Co0.15873016Cr0.15873016Cu0.15873016Fe0.15873016Ni0.15873016V0.12698413,447.0,0.15873016,0.15873016,0.15873016,0.0,0.07936508,0.15873016,0.0,0.0,0.15873016,0.0,0.0,0.12698413,0.0,0.0,0.0,0.0,0.0,0.0,0.0,0.0,0.0,0.0,0.0,0.0,0.0
Al0.07692308Co0.15384615Cr0.15384615Cu0.15384615Fe0.15384615Ni0.15384615V0.15384615,639.0,0.15384615,0.15384615,0.15384615,0.0,0.07692308,0.15384615,0.0,0.0,0.15384615,0.0,0.0,0.15384615,0.0,0.0,0.0,0.0,0.0,0.0,0.0,0.0,0.0,0.0,0.0,0.0,0.0
Al0.07470441Co0.14922967Cr0.14922967Cu0.14922967Fe0.14922967Ni0.14922967V0.17914726,579.0,0.14922967,0.14922967,0.14922967,0.0,0.07470441,0.14922967,0.0,0.0,0.14922967,0.0,0.0,0.17914726,0.0,0.0,0.0,0.0,0.0,0.0,0.0,0.0,0.0,0.0,0.0,0.0,0.0
Al0.07245789Co0.14491577Cr0.14491577Cu0.14491577Fe0.14491577Ni0.14491577V0.20296326,577.0,0.14491577,0.14491577,0.14491577,0.0,0.07245789,0.14491577,0.0,0.0,0.14491577,0.0,0.0,0.20296326,0.0,0.0,0.0,0.0,0.0,0.0,0.0,0.0,0.0,0.0,0.0,0.0,0.0
Al0.06666667Co0.13333333Cr0.13333333Cu0.13333333Fe0.13333333Ni0.13333333V0.26666667,587.0,0.13333333,0.13333333,0.13333333,0.0,0.06666667,0.13333333,0.0,0.0,0.13333333,0.0,0.0,0.26666667,0.0,0.0,0.0,0.0,0.0,0.0,0.0,0.0,0.0,0.0,0.0,0.0,0.0
Al0.16666667Co0.16666667Cu0.16666667Fe0.16666667Nd0.16666667Ni0.16666667,578.0,0.16666667,0.16666667,0.16666667,0.0,0.16666667,0.0,0.0,0.0,0.16666667,0.0,0.0,0.0,0.0,0.0,0.16666667,0.0,0.0,0.0,0.0,0.0,0.0,0.0,0.0,0.0,0.0
Al0.16666667Co0.16666667Cu0.16666667Fe0.16666667Ni0.16666667Si0.16666667,682.0,0.16666667,0.16666667,0.16666667,0.16666667,0.16666667,0.0,0.0,0.0,0.16666667,0.0,0.0,0.0,0.0,0.0,0.0,0.0,0.0,0.0,0.0,0.0,0.0,0.0,0.0,0.0,0.0
Al0.16666667Co0.16666667Cu0.16666667Fe0.16666667Ni0.16666667Ti0.16666667,626.0,0.16666667,0.16666667,0.16666667,0.0,0.16666667,0.0,0.0,0.16666667,0.16666667,0.0,0.0,0.0,0.0,0.0,0.0,0.0,0.0,0.0,0.0,0.0,0.0,0.0,0.0,0.0,0.0
Al0.16666667Co0.16666667Cu0.16666667Fe0.16666667Ni0.16666667Zr0.16666667,472.0,0.16666667,0.16666667,0.16666667,0.0,0.16666667,0.0,0.0,0.0,0.16666667,0.0,0.0,0.0,0.16666667,0.0,0.0,0.0,0.0,0.0,0.0,0.0,0.0,0.0,0.0,0.0,0.0
Co0.2Cu0.2Fe0.2Mn0.2Ni0.2,208.0,0.2,0.2,0.2,0.0,0.0,0.0,0.0,0.0,0.2,0.2,0.0,0.0,0.0,0.0,0.0,0.0,0.0,0.0,0.0,0.0,0.0,0.0,0.0,0.0,0.0
Co0.19880716Cu0.19880716Fe0.19880716Mn0.19880716Ni0.19880716Sn0.00596421,192.0,0.19880716,0.19880716,0.19880716,0.0,0.0,0.0,0.0,0.0,0.19880716,0.19880716,0.0,0.0,0.0,0.0,0.0,0.00596421,0.0,0.0,0.0,0.0,0.0,0.0,0.0,0.0,0.0
Co0.1980198Cu0.1980198Fe0.1980198Mn0.1980198Ni0.1980198Sn0.00990099,205.0,0.1980198,0.1980198,0.1980198,0.0,0.0,0.0,0.0,0.0,0.1980198,0.1980198,0.0,0.0,0.0,0.0,0.0,0.00990099,0.0,0.0,0.0,0.0,0.0,0.0,0.0,0.0,0.0
Co0.19685039Cu0.19685039Fe0.19685039Mn0.19685039Ni0.19685039Sn0.01574803,219.0,0.19685039,0.19685039,0.19685039,0.0,0.0,0.0,0.0,0.0,0.19685039,0.19685039,0.0,0.0,0.0,0.0,0.0,0.01574803,0.0,0.0,0.0,0.0,0.0,0.0,0.0,0.0,0.0
Co0.19607843Cu0.19607843Fe0.19607843Mn0.19607843Ni0.19607843Sn0.01960784,253.0,0.19607843,0.19607843,0.19607843,0.0,0.0,0.0,0.0,0.0,0.19607843,0.19607843,0.0,0.0,0.0,0.0,0.0,0.01960784,0.0,0.0,0.0,0.0,0.0,0.0,0.0,0.0,0.0
Co0.19230769Cu0.19230769Fe0.19230769Mn0.19230769Ni0.19230769Sn0.03846154,319.0,0.19230769,0.19230769,0.19230769,0.0,0.0,0.0,0.0,0.0,0.19230769,0.19230769,0.0,0.0,0.0,0.0,0.0,0.03846154,0.0,0.0,0.0,0.0,0.0,0.0,0.0,0.0,0.0
Al0.22497188Cu0.2Fe0.15005624Ni0.2Ti0.22497188,516.0,0.0,0.15005624,0.2,0.0,0.22497188,0.0,0.0,0.22497188,0.2,0.0,0.0,0.0,0.0,0.0,0.0,0.0,0.0,0.0,0.0,0.0,0.0,0.0,0.0,0.0,0.0
Al0.2Cu0.2Fe0.2Ni0.2Ti0.2,516.0,0.0,0.2,0.2,0.0,0.2,0.0,0.0,0.2,0.2,0.0,0.0,0.0,0.0,0.0,0.0,0.0,0.0,0.0,0.0,0.0,0.0,0.0,0.0,0.0,0.0
Al0.25Cu0.25Ni0.25Ti0.25,537.0,0.0,0.0,0.25,0.0,0.25,0.0,0.0,0.25,0.25,0.0,0.0,0.0,0.0,0.0,0.0,0.0,0.0,0.0,0.0,0.0,0.0,0.0,0.0,0.0,0.0
Al0.05660377Hf0.18867925Nb0.18867925Ta0.18867925Ti0.18867925Zr0.18867925,353.0,0.0,0.0,0.0,0.0,0.05660377,0.0,0.0,0.18867925,0.0,0.0,0.18867925,0.0,0.18867925,0.0,0.0,0.0,0.18867925,0.18867925,0.0,0.0,0.0,0.0,0.0,0.0,0.0
Al0.09090909Hf0.18181818Nb0.18181818Ta0.18181818Ti0.18181818Zr0.18181818,396.0,0.0,0.0,0.0,0.0,0.09090909,0.0,0.0,0.18181818,0.0,0.0,0.18181818,0.0,0.18181818,0.0,0.0,0.0,0.18181818,0.18181818,0.0,0.0,0.0,0.0,0.0,0.0,0.0
Al0.13043478Hf0.17391304Nb0.17391304Ta0.17391304Ti0.17391304Zr0.17391304,427.0,0.0,0.0,0.0,0.0,0.13043478,0.0,0.0,0.17391304,0.0,0.0,0.17391304,0.0,0.17391304,0.0,0.0,0.0,0.17391304,0.17391304,0.0,0.0,0.0,0.0,0.0,0.0,0.0
Al0.16666667Hf0.16666667Nb0.16666667Ta0.16666667Ti0.16666667Zr0.16666667,441.0,0.0,0.0,0.0,0.0,0.16666667,0.0,0.0,0.16666667,0.0,0.0,0.16666667,0.0,0.16666667,0.0,0.0,0.0,0.16666667,0.16666667,0.0,0.0,0.0,0.0,0.0,0.0,0.0
Al0.05882353Mo0.23529412Nb0.23529412Ti0.23529412V0.23529412,460.0,0.0,0.0,0.0,0.0,0.05882353,0.0,0.23529412,0.23529412,0.0,0.0,0.23529412,0.23529412,0.0,0.0,0.0,0.0,0.0,0.0,0.0,0.0,0.0,0.0,0.0,0.0,0.0
Al0.11111111Mo0.22222222Nb0.22222222Ti0.22222222V0.22222222,487.0,0.0,0.0,0.0,0.0,0.11111111,0.0,0.22222222,0.22222222,0.0,0.0,0.22222222,0.22222222,0.0,0.0,0.0,0.0,0.0,0.0,0.0,0.0,0.0,0.0,0.0,0.0,0.0
Al0.15789474Mo0.21052632Nb0.21052632Ti0.21052632V0.21052632,517.0,0.0,0.0,0.0,0.0,0.15789474,0.0,0.21052632,0.21052632,0.0,0.0,0.21052632,0.21052632,0.0,0.0,0.0,0.0,0.0,0.0,0.0,0.0,0.0,0.0,0.0,0.0,0.0
Al0.2Mo0.2Nb0.2Ti0.2V0.2,537.0,0.0,0.0,0.0,0.0,0.2,0.0,0.2,0.2,0.0,0.0,0.2,0.2,0.0,0.0,0.0,0.0,0.0,0.0,0.0,0.0,0.0,0.0,0.0,0.0,0.0
Mo0.25Nb0.25Ti0.25V0.25,441.0,0.0,0.0,0.0,0.0,0.0,0.0,0.25,0.25,0.0,0.0,0.25,0.25,0.0,0.0,0.0,0.0,0.0,0.0,0.0,0.0,0.0,0.0,0.0,0.0,0.0
Al0.25Nb0.25Ti0.25V0.25,448.0,0.0,0.0,0.0,0.0,0.25,0.0,0.0,0.25,0.0,0.0,0.25,0.25,0.0,0.0,0.0,0.0,0.0,0.0,0.0,0.0,0.0,0.0,0.0,0.0,0.0
Hf0.19047619Mo0.04761905Nb0.19047619Ta0.19047619Ti0.19047619Zr0.19047619,395.0,0.0,0.0,0.0,0.0,0.0,0.0,0.04761905,0.19047619,0.0,0.0,0.19047619,0.0,0.19047619,0.0,0.0,0.0,0.19047619,0.19047619,0.0,0.0,0.0,0.0,0.0,0.0,0.0
Hf0.18181818Mo0.09090909Nb0.18181818Ta0.18181818Ti0.18181818Zr0.18181818,480.0,0.0,0.0,0.0,0.0,0.0,0.0,0.09090909,0.18181818,0.0,0.0,0.18181818,0.0,0.18181818,0.0,0.0,0.0,0.18181818,0.18181818,0.0,0.0,0.0,0.0,0.0,0.0,0.0
Hf0.17391304Mo0.13043478Nb0.17391304Ta0.17391304Ti0.17391304Zr0.17391304,492.0,0.0,0.0,0.0,0.0,0.0,0.0,0.13043478,0.17391304,0.0,0.0,0.17391304,0.0,0.17391304,0.0,0.0,0.0,0.17391304,0.17391304,0.0,0.0,0.0,0.0,0.0,0.0,0.0
Hf0.16666667Mo0.16666667Nb0.16666667Ta0.16666667Ti0.16666667Zr0.16666667,505.0,0.0,0.0,0.0,0.0,0.0,0.0,0.16666667,0.16666667,0.0,0.0,0.16666667,0.0,0.16666667,0.0,0.0,0.0,0.16666667,0.16666667,0.0,0.0,0.0,0.0,0.0,0.0,0.0
Hf0.2Mo0.2Ta0.2Ti0.2Zr0.2,542.0,0.0,0.0,0.0,0.0,0.0,0.0,0.2,0.2,0.0,0.0,0.0,0.0,0.2,0.0,0.0,0.0,0.2,0.2,0.0,0.0,0.0,0.0,0.0,0.0,0.0
Hf0.22222222Nb0.22222222Si0.11111111Ti0.22222222V0.22222222,490.0,0.0,0.0,0.0,0.11111111,0.0,0.0,0.0,0.22222222,0.0,0.0,0.22222222,0.22222222,0.0,0.0,0.0,0.0,0.22222222,0.0,0.0,0.0,0.0,0.0,0.0,0.0,0.0
Hf0.12490623Nb0.12490623Ta0.12490623Ti0.37509377Zr0.25018755,301.0,0.0,0.0,0.0,0.0,0.0,0.0,0.0,0.37509377,0.0,0.0,0.12490623,0.0,0.25018755,0.0,0.0,0.0,0.12490623,0.12490623,0.0,0.0,0.0,0.0,0.0,0.0,0.0
Mo0.25Nb0.25Ta0.25V0.25,504.0,0.0,0.0,0.0,0.0,0.0,0.0,0.25,0.0,0.0,0.0,0.25,0.25,0.0,0.0,0.0,0.0,0.0,0.25,0.0,0.0,0.0,0.0,0.0,0.0,0.0
Mo0.2Nb0.2Ta0.2V0.2W0.2,536.0,0.0,0.0,0.0,0.0,0.0,0.0,0.2,0.0,0.0,0.0,0.2,0.2,0.0,0.0,0.0,0.0,0.0,0.2,0.2,0.0,0.0,0.0,0.0,0.0,0.0
Co0.23809524Fe0.23809524Mo0.04761905Ni0.23809524V0.23809524,267.0,0.23809524,0.23809524,0.23809524,0.0,0.0,0.0,0.04761905,0.0,0.0,0.0,0.0,0.23809524,0.0,0.0,0.0,0.0,0.0,0.0,0.0,0.0,0.0,0.0,0.0,0.0,0.0
Co0.22727273Fe0.22727273Mo0.09090909Ni0.22727273V0.22727273,402.0,0.22727273,0.22727273,0.22727273,0.0,0.0,0.0,0.09090909,0.0,0.0,0.0,0.0,0.22727273,0.0,0.0,0.0,0.0,0.0,0.0,0.0,0.0,0.0,0.0,0.0,0.0,0.0
Co0.2173913Fe0.2173913Mo0.13043478Ni0.2173913V0.2173913,557.0,0.2173913,0.2173913,0.2173913,0.0,0.0,0.0,0.13043478,0.0,0.0,0.0,0.0,0.2173913,0.0,0.0,0.0,0.0,0.0,0.0,0.0,0.0,0.0,0.0,0.0,0.0,0.0
Co0.20833333Fe0.20833333Mo0.16666667Ni0.20833333V0.20833333,606.0,0.20833333,0.20833333,0.20833333,0.0,0.0,0.0,0.16666667,0.0,0.0,0.0,0.0,0.20833333,0.0,0.0,0.0,0.0,0.0,0.0,0.0,0.0,0.0,0.0,0.0,0.0,0.0
Co0.19228994Fe0.19228994Mo0.19228994Ni0.23084026V0.19228994,602.0,0.19228994,0.19228994,0.23084026,0.0,0.0,0.0,0.19228994,0.0,0.0,0.0,0.0,0.19228994,0.0,0.0,0.0,0.0,0.0,0.0,0.0,0.0,0.0,0.0,0.0,0.0,0.0
Co0.16666667Fe0.16666667Mo0.16666667Ni0.33333333V0.16666667,382.0,0.16666667,0.16666667,0.33333333,0.0,0.0,0.0,0.16666667,0.0,0.0,0.0,0.0,0.16666667,0.0,0.0,0.0,0.0,0.0,0.0,0.0,0.0,0.0,0.0,0.0,0.0,0.0
Co0.2Fe0.2Mo0.2Ni0.2V0.2,625.0,0.2,0.2,0.2,0.0,0.0,0.0,0.2,0.0,0.0,0.0,0.0,0.2,0.0,0.0,0.0,0.0,0.0,0.0,0.0,0.0,0.0,0.0,0.0,0.0,0.0
Co0.25Fe0.25Ni0.25V0.25,238.0,0.25,0.25,0.25,0.0,0.0,0.0,0.0,0.0,0.0,0.0,0.0,0.25,0.0,0.0,0.0,0.0,0.0,0.0,0.0,0.0,0.0,0.0,0.0,0.0,0.0
Cu0.30003Mn0.30003Ni0.30003Zn0.09990999,147.0,0.0,0.0,0.30003,0.0,0.0,0.0,0.0,0.0,0.30003,0.30003,0.0,0.0,0.0,0.0,0.0,0.0,0.0,0.0,0.0,0.09990999,0.0,0.0,0.0,0.0,0.0
Cu0.30769231Mn0.30769231Ni0.30769231Zn0.07692308,109.0,0.0,0.0,0.30769231,0.0,0.0,0.0,0.0,0.0,0.30769231,0.30769231,0.0,0.0,0.0,0.0,0.0,0.0,0.0,0.0,0.0,0.07692308,0.0,0.0,0.0,0.0,0.0
Al0.03567985Cu0.32144005Mn0.32144005Ni0.32144005,241.0,0.0,0.0,0.32144005,0.0,0.03567985,0.0,0.0,0.0,0.32144005,0.32144005,0.0,0.0,0.0,0.0,0.0,0.0,0.0,0.0,0.0,0.0,0.0,0.0,0.0,0.0,0.0
Cu0.32144005Mn0.32144005Ni0.32144005Sn0.03567985,318.0,0.0,0.0,0.32144005,0.0,0.0,0.0,0.0,0.0,0.32144005,0.32144005,0.0,0.0,0.0,0.0,0.0,0.03567985,0.0,0.0,0.0,0.0,0.0,0.0,0.0,0.0,0.0
Al0.01735997Cu0.32754668Mn0.32754668Ni0.32754668,166.0,0.0,0.0,0.32754668,0.0,0.01735997,0.0,0.0,0.0,0.32754668,0.32754668,0.0,0.0,0.0,0.0,0.0,0.0,0.0,0.0,0.0,0.0,0.0,0.0,0.0,0.0,0.0
Cu0.32754668Mn0.32754668Ni0.32754668Sn0.01735997,205.0,0.0,0.0,0.32754668,0.0,0.0,0.0,0.0,0.0,0.32754668,0.32754668,0.0,0.0,0.0,0.0,0.0,0.01735997,0.0,0.0,0.0,0.0,0.0,0.0,0.0,0.0,0.0
Cr0.23980815Ta0.23980815Ti0.04076739V0.23980815W0.23980815,715.0,0.0,0.0,0.0,0.0,0.0,0.23980815,0.0,0.04076739,0.0,0.0,0.0,0.23980815,0.0,0.0,0.0,0.0,0.0,0.23980815,0.23980815,0.0,0.0,0.0,0.0,0.0,0.0
Cr0.23255814Ta0.23255814Ti0.06976744V0.23255814W0.23255814,780.0,0.0,0.0,0.0,0.0,0.0,0.23255814,0.0,0.06976744,0.0,0.0,0.0,0.23255814,0.0,0.0,0.0,0.0,0.0,0.23255814,0.23255814,0.0,0.0,0.0,0.0,0.0,0.0
Cr0.25Ta0.25V0.25W0.25,715.0,0.0,0.0,0.0,0.0,0.0,0.25,0.0,0.0,0.0,0.0,0.0,0.25,0.0,0.0,0.0,0.0,0.0,0.25,0.25,0.0,0.0,0.0,0.0,0.0,0.0
Hf0.12195122Mo0.12195122Nb0.24390244Si0.02439024Ti0.24390244Zr0.24390244,442.0,0.0,0.0,0.0,0.02439024,0.0,0.0,0.12195122,0.24390244,0.0,0.0,0.24390244,0.0,0.24390244,0.0,0.0,0.0,0.12195122,0.0,0.0,0.0,0.0,0.0,0.0,0.0,0.0
Hf0.11627907Mo0.11627907Nb0.23255814Si0.06976744Ti0.23255814Zr0.23255814,494.0,0.0,0.0,0.0,0.06976744,0.0,0.0,0.11627907,0.23255814,0.0,0.0,0.23255814,0.0,0.23255814,0.0,0.0,0.0,0.11627907,0.0,0.0,0.0,0.0,0.0,0.0,0.0,0.0
Hf0.11111111Mo0.11111111Nb0.22222222Si0.11111111Ti0.22222222Zr0.22222222,524.0,0.0,0.0,0.0,0.11111111,0.0,0.0,0.11111111,0.22222222,0.0,0.0,0.22222222,0.0,0.22222222,0.0,0.0,0.0,0.11111111,0.0,0.0,0.0,0.0,0.0,0.0,0.0,0.0
Hf0.10638298Mo0.10638298Nb0.21276596Si0.14893617Ti0.21276596Zr0.21276596,580.0,0.0,0.0,0.0,0.14893617,0.0,0.0,0.10638298,0.21276596,0.0,0.0,0.21276596,0.0,0.21276596,0.0,0.0,0.0,0.10638298,0.0,0.0,0.0,0.0,0.0,0.0,0.0,0.0
Hf0.10204082Mo0.10204082Nb0.20408163Si0.18367347Ti0.20408163Zr0.20408163,640.0,0.0,0.0,0.0,0.18367347,0.0,0.0,0.10204082,0.20408163,0.0,0.0,0.20408163,0.0,0.20408163,0.0,0.0,0.0,0.10204082,0.0,0.0,0.0,0.0,0.0,0.0,0.0,0.0
Hf0.125Mo0.125Nb0.25Ti0.25Zr0.25,400.0,0.0,0.0,0.0,0.0,0.0,0.0,0.125,0.25,0.0,0.0,0.25,0.0,0.25,0.0,0.0,0.0,0.125,0.0,0.0,0.0,0.0,0.0,0.0,0.0,0.0
Hf0.25Nb0.25Ta0.25Zr0.25,365.0,0.0,0.0,0.0,0.0,0.0,0.0,0.0,0.0,0.0,0.0,0.25,0.0,0.25,0.0,0.0,0.0,0.25,0.25,0.0,0.0,0.0,0.0,0.0,0.0,0.0
Mo0.23529412Nb0.23529412Ta0.23529412Ti0.05882353W0.23529412,478.3,0.0,0.0,0.0,0.0,0.0,0.0,0.23529412,0.05882353,0.0,0.0,0.23529412,0.0,0.0,0.0,0.0,0.0,0.0,0.23529412,0.23529412,0.0,0.0,0.0,0.0,0.0,0.0
Mo0.22222222Nb0.22222222Ta0.22222222Ti0.11111111W0.22222222,481.2,0.0,0.0,0.0,0.0,0.0,0.0,0.22222222,0.11111111,0.0,0.0,0.22222222,0.0,0.0,0.0,0.0,0.0,0.0,0.22222222,0.22222222,0.0,0.0,0.0,0.0,0.0,0.0
Mo0.21052632Nb0.21052632Ta0.21052632Ti0.15789474W0.21052632,495.6,0.0,0.0,0.0,0.0,0.0,0.0,0.21052632,0.15789474,0.0,0.0,0.21052632,0.0,0.0,0.0,0.0,0.0,0.0,0.21052632,0.21052632,0.0,0.0,0.0,0.0,0.0,0.0
Al0.07993019Co0.16963351Cr0.13961606Cu0.07993019Fe0.16963351Mo0.00104712Ni0.34904014Ti0.01012216W0.00104712,171.0,0.16963351,0.16963351,0.34904014,0.0,0.07993019,0.13961606,0.00104712,0.01012216,0.07993019,0.0,0.0,0.0,0.0,0.0,0.0,0.0,0.0,0.0,0.00104712,0.0,0.0,0.0,0.0,0.0,0.0
Al0.10007199Co0.24982001Cr0.07991361Fe0.15010799Ni0.3599712Ti0.06011519,345.0,0.24982001,0.15010799,0.3599712,0.0,0.10007199,0.07991361,0.0,0.06011519,0.0,0.0,0.0,0.0,0.0,0.0,0.0,0.0,0.0,0.0,0.0,0.0,0.0,0.0,0.0,0.0,0.0
Nb0.25Ta0.25Ti0.25V0.25,510.9,0.0,0.0,0.0,0.0,0.0,0.0,0.0,0.25,0.0,0.0,0.25,0.25,0.0,0.0,0.0,0.0,0.0,0.25,0.0,0.0,0.0,0.0,0.0,0.0,0.0
Al0.01960784Co0.19607843Cr0.19607843Fe0.19607843Mn0.19607843Ni0.19607843,432.0,0.19607843,0.19607843,0.19607843,0.0,0.01960784,0.19607843,0.0,0.0,0.0,0.19607843,0.0,0.0,0.0,0.0,0.0,0.0,0.0,0.0,0.0,0.0,0.0,0.0,0.0,0.0,0.0
Al0.05660377Co0.18867925Cr0.18867925Fe0.18867925Mn0.18867925Ni0.18867925,511.0,0.18867925,0.18867925,0.18867925,0.0,0.05660377,0.18867925,0.0,0.0,0.0,0.18867925,0.0,0.0,0.0,0.0,0.0,0.0,0.0,0.0,0.0,0.0,0.0,0.0,0.0,0.0,0.0
Al0.09090909Co0.18181818Cr0.18181818Fe0.18181818Mn0.18181818Ni0.18181818,553.0,0.18181818,0.18181818,0.18181818,0.0,0.09090909,0.18181818,0.0,0.0,0.0,0.18181818,0.0,0.0,0.0,0.0,0.0,0.0,0.0,0.0,0.0,0.0,0.0,0.0,0.0,0.0,0.0
Al0.12280702Co0.1754386Cr0.1754386Fe0.1754386Mn0.1754386Ni0.1754386,622.0,0.1754386,0.1754386,0.1754386,0.0,0.12280702,0.1754386,0.0,0.0,0.0,0.1754386,0.0,0.0,0.0,0.0,0.0,0.0,0.0,0.0,0.0,0.0,0.0,0.0,0.0,0.0,0.0
Al0.16666667Co0.16666667Cr0.16666667Fe0.16666667Mn0.16666667Ni0.16666667,684.0,0.16666667,0.16666667,0.16666667,0.0,0.16666667,0.16666667,0.0,0.0,0.0,0.16666667,0.0,0.0,0.0,0.0,0.0,0.0,0.0,0.0,0.0,0.0,0.0,0.0,0.0,0.0,0.0
Al0.06976744Co0.23255814Cr0.23255814Fe0.23255814Ni0.23255814,117.0,0.23255814,0.23255814,0.23255814,0.0,0.06976744,0.23255814,0.0,0.0,0.0,0.0,0.0,0.0,0.0,0.0,0.0,0.0,0.0,0.0,0.0,0.0,0.0,0.0,0.0,0.0,0.0
Al0.13043478Co0.2173913Cr0.2173913Fe0.2173913Ni0.2173913,228.0,0.2173913,0.2173913,0.2173913,0.0,0.13043478,0.2173913,0.0,0.0,0.0,0.0,0.0,0.0,0.0,0.0,0.0,0.0,0.0,0.0,0.0,0.0,0.0,0.0,0.0,0.0,0.0
Al0.16666667Co0.18518519Cr0.18518519Fe0.18518519Ni0.18518519Ti0.09259259,623.0,0.18518519,0.18518519,0.18518519,0.0,0.16666667,0.18518519,0.0,0.09259259,0.0,0.0,0.0,0.0,0.0,0.0,0.0,0.0,0.0,0.0,0.0,0.0,0.0,0.0,0.0,0.0,0.0
Cr0.16666667Mo0.16666667Nb0.16666667Ta0.16666667V0.16666667W0.16666667,704.6,0.0,0.0,0.0,0.0,0.0,0.16666667,0.16666667,0.0,0.0,0.0,0.16666667,0.16666667,0.0,0.0,0.0,0.0,0.0,0.16666667,0.16666667,0.0,0.0,0.0,0.0,0.0,0.0
Al0.16666667Co0.16666667Cr0.16666667Cu0.16666667Fe0.16666667Ni0.16666667,458.0,0.16666667,0.16666667,0.16666667,0.0,0.16666667,0.16666667,0.0,0.0,0.16666667,0.0,0.0,0.0,0.0,0.0,0.0,0.0,0.0,0.0,0.0,0.0,0.0,0.0,0.0,0.0,0.0
Cr0.12006717Mo0.19983207Nb0.41981528Ta0.01007557Ti0.13014274V0.12006717,741.0,0.0,0.0,0.0,0.0,0.0,0.12006717,0.19983207,0.13014274,0.0,0.0,0.41981528,0.12006717,0.0,0.0,0.0,0.0,0.0,0.01007557,0.0,0.0,0.0,0.0,0.0,0.0,0.0
Al0.25Co0.25Ni0.25Ti0.25,672.0,0.25,0.0,0.25,0.0,0.25,0.0,0.0,0.25,0.0,0.0,0.0,0.0,0.0,0.0,0.0,0.0,0.0,0.0,0.0,0.0,0.0,0.0,0.0,0.0,0.0
Al0.25Fe0.25Ni0.25Ti0.25,666.0,0.0,0.25,0.25,0.0,0.25,0.0,0.0,0.25,0.0,0.0,0.0,0.0,0.0,0.0,0.0,0.0,0.0,0.0,0.0,0.0,0.0,0.0,0.0,0.0,0.0
Al0.2Co0.2Fe0.2Ni0.2Ti0.2,667.0,0.2,0.2,0.2,0.0,0.2,0.0,0.0,0.2,0.0,0.0,0.0,0.0,0.0,0.0,0.0,0.0,0.0,0.0,0.0,0.0,0.0,0.0,0.0,0.0,0.0
Mo0.28571429Nb0.28571429Re0.14285714W0.28571429,473.0,0.0,0.0,0.0,0.0,0.0,0.0,0.28571429,0.0,0.0,0.0,0.28571429,0.0,0.0,0.0,0.0,0.0,0.0,0.0,0.28571429,0.0,0.14285714,0.0,0.0,0.0,0.0
C0.05128205Mo0.25641026Nb0.25641026Re0.12820513Ta0.05128205W0.25641026,510.0,0.0,0.0,0.0,0.0,0.0,0.0,0.25641026,0.0,0.0,0.0,0.25641026,0.0,0.0,0.0,0.0,0.0,0.0,0.05128205,0.25641026,0.0,0.12820513,0.05128205,0.0,0.0,0.0
C0.09302326Mo0.23255814Nb0.23255814Re0.11627907Ta0.09302326W0.23255814,558.0,0.0,0.0,0.0,0.0,0.0,0.0,0.23255814,0.0,0.0,0.0,0.23255814,0.0,0.0,0.0,0.0,0.0,0.0,0.09302326,0.23255814,0.0,0.11627907,0.09302326,0.0,0.0,0.0
C0.11111111Mo0.22222222Nb0.22222222Re0.11111111Ta0.11111111W0.22222222,583.0,0.0,0.0,0.0,0.0,0.0,0.0,0.22222222,0.0,0.0,0.0,0.22222222,0.0,0.0,0.0,0.0,0.0,0.0,0.11111111,0.22222222,0.0,0.11111111,0.11111111,0.0,0.0,0.0
C0.12765957Mo0.21276596Nb0.21276596Re0.10638298Ta0.12765957W0.21276596,615.0,0.0,0.0,0.0,0.0,0.0,0.0,0.21276596,0.0,0.0,0.0,0.21276596,0.0,0.0,0.0,0.0,0.0,0.0,0.12765957,0.21276596,0.0,0.10638298,0.12765957,0.0,0.0,0.0
Al0.29985007Co0.16671664Cr0.16671664Fe0.16671664Ni0.16671664Ti0.03328336,605.5,0.16671664,0.16671664,0.16671664,0.0,0.29985007,0.16671664,0.0,0.03328336,0.0,0.0,0.0,0.0,0.0,0.0,0.0,0.0,0.0,0.0,0.0,0.0,0.0,0.0,0.0,0.0,0.0
Al0.24993752Co0.16670832Cr0.16670832Fe0.16670832Ni0.16670832Ti0.08322919,641.7,0.16670832,0.16670832,0.16670832,0.0,0.24993752,0.16670832,0.0,0.08322919,0.0,0.0,0.0,0.0,0.0,0.0,0.0,0.0,0.0,0.0,0.0,0.0,0.0,0.0,0.0,0.0,0.0
Al0.20004001Co0.16663333Cr0.16663333Fe0.16663333Ni0.16663333Ti0.13342669,639.6,0.16663333,0.16663333,0.16663333,0.0,0.20004001,0.16663333,0.0,0.13342669,0.0,0.0,0.0,0.0,0.0,0.0,0.0,0.0,0.0,0.0,0.0,0.0,0.0,0.0,0.0,0.0,0.0
Al0.16666667Co0.16666667Cr0.16666667Fe0.16666667Ni0.16666667Ti0.16666667,703.0,0.16666667,0.16666667,0.16666667,0.0,0.16666667,0.16666667,0.0,0.16666667,0.0,0.0,0.0,0.0,0.0,0.0,0.0,0.0,0.0,0.0,0.0,0.0,0.0,0.0,0.0,0.0,0.0
Al0.13342669Co0.16663333Cr0.16663333Fe0.16663333Ni0.16663333Ti0.20004001,856.9,0.16663333,0.16663333,0.16663333,0.0,0.13342669,0.16663333,0.0,0.20004001,0.0,0.0,0.0,0.0,0.0,0.0,0.0,0.0,0.0,0.0,0.0,0.0,0.0,0.0,0.0,0.0,0.0
Hf0.25Nb0.25Ti0.25Zr0.25,351.0,0.0,0.0,0.0,0.0,0.0,0.0,0.0,0.25,0.0,0.0,0.25,0.0,0.25,0.0,0.0,0.0,0.25,0.0,0.0,0.0,0.0,0.0,0.0,0.0,0.0
Co0.23809524Cr0.23809524Fe0.23809524Ni0.23809524W0.04761905,244.0,0.23809524,0.23809524,0.23809524,0.0,0.0,0.23809524,0.0,0.0,0.0,0.0,0.0,0.0,0.0,0.0,0.0,0.0,0.0,0.0,0.04761905,0.0,0.0,0.0,0.0,0.0,0.0
Co0.22222222Cr0.22222222Fe0.22222222Ni0.22222222W0.11111111,357.9,0.22222222,0.22222222,0.22222222,0.0,0.0,0.22222222,0.0,0.0,0.0,0.0,0.0,0.0,0.0,0.0,0.0,0.0,0.0,0.0,0.11111111,0.0,0.0,0.0,0.0,0.0,0.0
Cr0.2Fe0.2Mo0.2Nb0.2V0.2,826.0,0.0,0.2,0.0,0.0,0.0,0.2,0.2,0.0,0.0,0.0,0.2,0.2,0.0,0.0,0.0,0.0,0.0,0.0,0.0,0.0,0.0,0.0,0.0,0.0,0.0
Cr0.2Fe0.2Mo0.2Nb0.2Ti0.2,792.0,0.0,0.2,0.0,0.0,0.0,0.2,0.2,0.2,0.0,0.0,0.2,0.0,0.0,0.0,0.0,0.0,0.0,0.0,0.0,0.0,0.0,0.0,0.0,0.0,0.0
Fe0.2Mo0.2Nb0.2Ti0.2V0.2,699.0,0.0,0.2,0.0,0.0,0.0,0.0,0.2,0.2,0.0,0.0,0.2,0.2,0.0,0.0,0.0,0.0,0.0,0.0,0.0,0.0,0.0,0.0,0.0,0.0,0.0
Hf0.11111111Ti0.44444444V0.22222222Zr0.22222222,338.3,0.0,0.0,0.0,0.0,0.0,0.0,0.0,0.44444444,0.0,0.0,0.0,0.22222222,0.22222222,0.0,0.0,0.0,0.11111111,0.0,0.0,0.0,0.0,0.0,0.0,0.0,0.0
Hf0.10526316Nb0.05263158Ti0.42105263V0.21052632Zr0.21052632,332.4,0.0,0.0,0.0,0.0,0.0,0.0,0.0,0.42105263,0.0,0.0,0.05263158,0.21052632,0.21052632,0.0,0.0,0.0,0.10526316,0.0,0.0,0.0,0.0,0.0,0.0,0.0,0.0
Hf0.1Nb0.1Ti0.4V0.2Zr0.2,322.5,0.0,0.0,0.0,0.0,0.0,0.0,0.0,0.4,0.0,0.0,0.1,0.2,0.2,0.0,0.0,0.0,0.1,0.0,0.0,0.0,0.0,0.0,0.0,0.0,0.0
Hf0.0952381Nb0.14285714Ti0.38095238V0.19047619Zr0.19047619,318.9,0.0,0.0,0.0,0.0,0.0,0.0,0.0,0.38095238,0.0,0.0,0.14285714,0.19047619,0.19047619,0.0,0.0,0.0,0.0952381,0.0,0.0,0.0,0.0,0.0,0.0,0.0,0.0
Hf0.09090909Nb0.18181818Ti0.36363636V0.18181818Zr0.18181818,310.4,0.0,0.0,0.0,0.0,0.0,0.0,0.0,0.36363636,0.0,0.0,0.18181818,0.18181818,0.18181818,0.0,0.0,0.0,0.09090909,0.0,0.0,0.0,0.0,0.0,0.0,0.0,0.0
Mo0.25Nb0.25Ta0.25W0.25,504.5,0.0,0.0,0.0,0.0,0.0,0.0,0.25,0.0,0.0,0.0,0.25,0.0,0.0,0.0,0.0,0.0,0.0,0.25,0.25,0.0,0.0,0.0,0.0,0.0,0.0
Mo0.23529412Nb0.23529412Si0.05882353Ta0.23529412W0.23529412,567.0,0.0,0.0,0.0,0.05882353,0.0,0.0,0.23529412,0.0,0.0,0.0,0.23529412,0.0,0.0,0.0,0.0,0.0,0.0,0.23529412,0.23529412,0.0,0.0,0.0,0.0,0.0,0.0
Mo0.22222222Nb0.22222222Si0.11111111Ta0.22222222W0.22222222,697.0,0.0,0.0,0.0,0.11111111,0.0,0.0,0.22222222,0.0,0.0,0.0,0.22222222,0.0,0.0,0.0,0.0,0.0,0.0,0.22222222,0.22222222,0.0,0.0,0.0,0.0,0.0,0.0
Mo0.21052632Nb0.21052632Si0.15789474Ta0.21052632W0.21052632,682.6,0.0,0.0,0.0,0.15789474,0.0,0.0,0.21052632,0.0,0.0,0.0,0.21052632,0.0,0.0,0.0,0.0,0.0,0.0,0.21052632,0.21052632,0.0,0.0,0.0,0.0,0.0,0.0
C0.01923077Co0.19230769Cr0.19230769Fe0.19230769Mn0.19230769Ni0.19230769Ti0.01923077,378.0,0.19230769,0.19230769,0.19230769,0.0,0.0,0.19230769,0.0,0.01923077,0.0,0.19230769,0.0,0.0,0.0,0.0,0.0,0.0,0.0,0.0,0.0,0.0,0.0,0.01923077,0.0,0.0,0.0
Co0.2399808Cr0.2200624Ni0.2399808Ta0.1199904Ti0.1799856,1011.0,0.2399808,0.0,0.2399808,0.0,0.0,0.2200624,0.0,0.1799856,0.0,0.0,0.0,0.0,0.0,0.0,0.0,0.0,0.0,0.1199904,0.0,0.0,0.0,0.0,0.0,0.0,0.0
Al0.35993919Co0.06005321Mo0.38008362Ni0.10984417W0.09007982,725.0,0.06005321,0.0,0.10984417,0.0,0.35993919,0.0,0.38008362,0.0,0.0,0.0,0.0,0.0,0.0,0.0,0.0,0.0,0.0,0.0,0.09007982,0.0,0.0,0.0,0.0,0.0,0.0
Co0.02021627Nb0.29995299Ni0.47014575Ta0.11988717Ti0.08979784,815.0,0.02021627,0.0,0.47014575,0.0,0.0,0.0,0.0,0.08979784,0.0,0.0,0.29995299,0.0,0.0,0.0,0.0,0.0,0.0,0.11988717,0.0,0.0,0.0,0.0,0.0,0.0,0.0
Co0.12015845Cr0.20994718Nb0.20994718Ni0.01980634Ti0.44014085,422.0,0.12015845,0.0,0.01980634,0.0,0.0,0.20994718,0.0,0.44014085,0.0,0.0,0.20994718,0.0,0.0,0.0,0.0,0.0,0.0,0.0,0.0,0.0,0.0,0.0,0.0,0.0,0.0
Co0.38986355Cr0.18986355Nb0.09005848Ta0.01013645Ti0.32007797,856.0,0.38986355,0.0,0.0,0.0,0.0,0.18986355,0.0,0.32007797,0.0,0.0,0.09005848,0.0,0.0,0.0,0.0,0.0,0.0,0.01013645,0.0,0.0,0.0,0.0,0.0,0.0,0.0
Co0.21988304Nb0.30994152Ta0.04015595Ti0.38986355W0.04015595,277.0,0.21988304,0.0,0.0,0.0,0.0,0.0,0.0,0.38986355,0.0,0.0,0.30994152,0.0,0.0,0.0,0.0,0.0,0.0,0.04015595,0.04015595,0.0,0.0,0.0,0.0,0.0,0.0
Al0.22222222Co0.22222222Cu0.22222222Fe0.22222222Ni0.11111111,430.9,0.22222222,0.22222222,0.11111111,0.0,0.22222222,0.0,0.0,0.0,0.22222222,0.0,0.0,0.0,0.0,0.0,0.0,0.0,0.0,0.0,0.0,0.0,0.0,0.0,0.0,0.0,0.0
Al0.20833333Co0.20833333Cu0.20833333Fe0.20833333Ni0.16666667,420.0,0.20833333,0.20833333,0.16666667,0.0,0.20833333,0.0,0.0,0.0,0.20833333,0.0,0.0,0.0,0.0,0.0,0.0,0.0,0.0,0.0,0.0,0.0,0.0,0.0,0.0,0.0,0.0
Al0.18184297Co0.18184297Cu0.18184297Fe0.18184297Ni0.27262814,323.8,0.18184297,0.18184297,0.27262814,0.0,0.18184297,0.0,0.0,0.0,0.18184297,0.0,0.0,0.0,0.0,0.0,0.0,0.0,0.0,0.0,0.0,0.0,0.0,0.0,0.0,0.0,0.0
Al0.16666667Co0.16666667Cu0.16666667Fe0.16666667Ni0.33333333,299.2,0.16666667,0.16666667,0.33333333,0.0,0.16666667,0.0,0.0,0.0,0.16666667,0.0,0.0,0.0,0.0,0.0,0.0,0.0,0.0,0.0,0.0,0.0,0.0,0.0,0.0,0.0,0.0
Al0.14279588Co0.14279588Cu0.14279588Fe0.14279588Ni0.42881647,279.6,0.14279588,0.14279588,0.42881647,0.0,0.14279588,0.0,0.0,0.0,0.14279588,0.0,0.0,0.0,0.0,0.0,0.0,0.0,0.0,0.0,0.0,0.0,0.0,0.0,0.0,0.0,0.0
Al0.11111111Cr0.22222222Fe0.22222222Mn0.22222222Ni0.22222222,353.0,0.0,0.22222222,0.22222222,0.0,0.11111111,0.22222222,0.0,0.0,0.0,0.22222222,0.0,0.0,0.0,0.0,0.0,0.0,0.0,0.0,0.0,0.0,0.0,0.0,0.0,0.0,0.0
Al0.13043478Cr0.2173913Fe0.2173913Mn0.2173913Ni0.2173913,361.0,0.0,0.2173913,0.2173913,0.0,0.13043478,0.2173913,0.0,0.0,0.0,0.2173913,0.0,0.0,0.0,0.0,0.0,0.0,0.0,0.0,0.0,0.0,0.0,0.0,0.0,0.0,0.0
Al0.14893617Cr0.21276596Fe0.21276596Mn0.21276596Ni0.21276596,375.0,0.0,0.21276596,0.21276596,0.0,0.14893617,0.21276596,0.0,0.0,0.0,0.21276596,0.0,0.0,0.0,0.0,0.0,0.0,0.0,0.0,0.0,0.0,0.0,0.0,0.0,0.0,0.0
Al0.16666667Cr0.20833333Fe0.20833333Mn0.20833333Ni0.20833333,386.0,0.0,0.20833333,0.20833333,0.0,0.16666667,0.20833333,0.0,0.0,0.0,0.20833333,0.0,0.0,0.0,0.0,0.0,0.0,0.0,0.0,0.0,0.0,0.0,0.0,0.0,0.0,0.0
Co0.29411765Cr0.05882353Fe0.29411765Ni0.29411765Si0.05882353,130.1,0.29411765,0.29411765,0.29411765,0.05882353,0.0,0.05882353,0.0,0.0,0.0,0.0,0.0,0.0,0.0,0.0,0.0,0.0,0.0,0.0,0.0,0.0,0.0,0.0,0.0,0.0,0.0
Co0.2Cr0.2Fe0.2Ni0.2Pd0.2,295.0,0.2,0.2,0.2,0.0,0.0,0.2,0.0,0.0,0.0,0.0,0.0,0.0,0.0,0.0,0.0,0.0,0.0,0.0,0.0,0.0,0.0,0.0,0.2,0.0,0.0
Co0.19230769Cr0.19230769Fe0.19230769Mn0.03846154Ni0.19230769Pd0.19230769,470.0,0.19230769,0.19230769,0.19230769,0.0,0.0,0.19230769,0.0,0.0,0.0,0.03846154,0.0,0.0,0.0,0.0,0.0,0.0,0.0,0.0,0.0,0.0,0.0,0.0,0.19230769,0.0,0.0
Co0.18518519Cr0.18518519Fe0.18518519Mn0.07407407Ni0.18518519Pd0.18518519,380.0,0.18518519,0.18518519,0.18518519,0.0,0.0,0.18518519,0.0,0.0,0.0,0.07407407,0.0,0.0,0.0,0.0,0.0,0.0,0.0,0.0,0.0,0.0,0.0,0.0,0.18518519,0.0,0.0
Co0.17857143Cr0.17857143Fe0.17857143Mn0.10714286Ni0.17857143Pd0.17857143,180.0,0.17857143,0.17857143,0.17857143,0.0,0.0,0.17857143,0.0,0.0,0.0,0.10714286,0.0,0.0,0.0,0.0,0.0,0.0,0.0,0.0,0.0,0.0,0.0,0.0,0.17857143,0.0,0.0
Co0.17241379Cr0.17241379Fe0.17241379Mn0.13793103Ni0.17241379Pd0.17241379,160.0,0.17241379,0.17241379,0.17241379,0.0,0.0,0.17241379,0.0,0.0,0.0,0.13793103,0.0,0.0,0.0,0.0,0.0,0.0,0.0,0.0,0.0,0.0,0.0,0.0,0.17241379,0.0,0.0
Cr0.3125Fe0.3125Ni0.3125Ti0.0625,362.2,0.0,0.3125,0.3125,0.0,0.0,0.3125,0.0,0.0625,0.0,0.0,0.0,0.0,0.0,0.0,0.0,0.0,0.0,0.0,0.0,0.0,0.0,0.0,0.0,0.0,0.0
Cr0.3030303Fe0.3030303Ni0.3030303Ti0.09090909,510.3,0.0,0.3030303,0.3030303,0.0,0.0,0.3030303,0.0,0.09090909,0.0,0.0,0.0,0.0,0.0,0.0,0.0,0.0,0.0,0.0,0.0,0.0,0.0,0.0,0.0,0.0,0.0
Cr0.29411765Fe0.29411765Ni0.29411765Ti0.11764706,600.3,0.0,0.29411765,0.29411765,0.0,0.0,0.29411765,0.0,0.11764706,0.0,0.0,0.0,0.0,0.0,0.0,0.0,0.0,0.0,0.0,0.0,0.0,0.0,0.0,0.0,0.0,0.0
Cr0.28571429Fe0.28571429Ni0.28571429Ti0.14285714,709.6,0.0,0.28571429,0.28571429,0.0,0.0,0.28571429,0.0,0.14285714,0.0,0.0,0.0,0.0,0.0,0.0,0.0,0.0,0.0,0.0,0.0,0.0,0.0,0.0,0.0,0.0,0.0
Cr0.27777778Fe0.27777778Ni0.27777778Ti0.16666667,718.2,0.0,0.27777778,0.27777778,0.0,0.0,0.27777778,0.0,0.16666667,0.0,0.0,0.0,0.0,0.0,0.0,0.0,0.0,0.0,0.0,0.0,0.0,0.0,0.0,0.0,0.0,0.0
Al0.2Cr0.2Cu0.2Fe0.2Mn0.2,633.0,0.0,0.2,0.0,0.0,0.2,0.2,0.0,0.0,0.2,0.2,0.0,0.0,0.0,0.0,0.0,0.0,0.0,0.0,0.0,0.0,0.0,0.0,0.0,0.0,0.0
Al0.1980198Cr0.1980198Cu0.1980198Fe0.1980198Mn0.1980198W0.00990099,680.0,0.0,0.1980198,0.0,0.0,0.1980198,0.1980198,0.0,0.0,0.1980198,0.1980198,0.0,0.0,0.0,0.0,0.0,0.0,0.0,0.0,0.00990099,0.0,0.0,0.0,0.0,0.0,0.0
Al0.19607843Cr0.19607843Cu0.19607843Fe0.19607843Mn0.19607843W0.01960784,705.0,0.0,0.19607843,0.0,0.0,0.19607843,0.19607843,0.0,0.0,0.19607843,0.19607843,0.0,0.0,0.0,0.0,0.0,0.0,0.0,0.0,0.01960784,0.0,0.0,0.0,0.0,0.0,0.0
Al0.18181818Cr0.18181818Cu0.18181818Fe0.18181818Mn0.18181818W0.09090909,780.0,0.0,0.18181818,0.0,0.0,0.18181818,0.18181818,0.0,0.0,0.18181818,0.18181818,0.0,0.0,0.0,0.0,0.0,0.0,0.0,0.0,0.09090909,0.0,0.0,0.0,0.0,0.0,0.0
Co0.1Cr0.1Fe0.5Mn0.3,296.0,0.1,0.5,0.0,0.0,0.0,0.1,0.0,0.0,0.0,0.3,0.0,0.0,0.0,0.0,0.0,0.0,0.0,0.0,0.0,0.0,0.0,0.0,0.0,0.0,0.0
B0.00298211Co0.0999006Cr0.0999006Fe0.49701789Mn0.30019881,282.0,0.0999006,0.49701789,0.0,0.0,0.0,0.0999006,0.0,0.0,0.0,0.30019881,0.0,0.0,0.0,0.00298211,0.0,0.0,0.0,0.0,0.0,0.0,0.0,0.0,0.0,0.0,0.0
B0.00593178Co0.09985171Cr0.09985171Fe0.49431537Mn0.30004943,306.0,0.09985171,0.49431537,0.0,0.0,0.0,0.09985171,0.0,0.0,0.0,0.30004943,0.0,0.0,0.0,0.00593178,0.0,0.0,0.0,0.0,0.0,0.0,0.0,0.0,0.0,0.0,0.0
B0.01690821Co0.1Cr0.1Fe0.48309179Mn0.3,452.0,0.1,0.48309179,0.0,0.0,0.0,0.1,0.0,0.0,0.0,0.3,0.0,0.0,0.0,0.01690821,0.0,0.0,0.0,0.0,0.0,0.0,0.0,0.0,0.0,0.0,0.0
Hf0.33333333Ti0.33333333Zr0.33333333,211.0,0.0,0.0,0.0,0.0,0.0,0.0,0.0,0.33333333,0.0,0.0,0.0,0.0,0.33333333,0.0,0.0,0.0,0.33333333,0.0,0.0,0.0,0.0,0.0,0.0,0.0,0.0
Hf0.25Sc0.25Ti0.25Zr0.25,233.0,0.0,0.0,0.0,0.0,0.0,0.0,0.0,0.25,0.0,0.0,0.0,0.0,0.25,0.0,0.0,0.0,0.25,0.0,0.0,0.0,0.0,0.0,0.0,0.25,0.0
Hf0.25Ti0.25Y0.25Zr0.25,241.0,0.0,0.0,0.0,0.0,0.0,0.0,0.0,0.25,0.0,0.0,0.0,0.0,0.25,0.0,0.0,0.0,0.25,0.0,0.0,0.0,0.0,0.0,0.0,0.0,0.25
Hf0.2Sc0.2Ti0.2Y0.2Zr0.2,256.0,0.0,0.0,0.0,0.0,0.0,0.0,0.0,0.2,0.0,0.0,0.0,0.0,0.2,0.0,0.0,0.0,0.2,0.0,0.0,0.0,0.0,0.0,0.0,0.2,0.2
Al0.17989757Co0.30025608Cr0.09987196Fe0.09987196Ni0.32010243,305.4,0.30025608,0.09987196,0.32010243,0.0,0.17989757,0.09987196,0.0,0.0,0.0,0.0,0.0,0.0,0.0,0.0,0.0,0.0,0.0,0.0,0.0,0.0,0.0,0.0,0.0,0.0,0.0
Al0.18004338Co0.29996901Cr0.10009297Fe0.10009297Mo0.00991633Ni0.30988534,357.3,0.29996901,0.10009297,0.30988534,0.0,0.18004338,0.10009297,0.00991633,0.0,0.0,0.0,0.0,0.0,0.0,0.0,0.0,0.0,0.0,0.0,0.0,0.0,0.0,0.0,0.0,0.0,0.0
Al0.180018Co0.30003Cr0.09990999Fe0.09990999Mo0.02010201Ni0.30003,362.6,0.30003,0.09990999,0.30003,0.0,0.180018,0.09990999,0.02010201,0.0,0.0,0.0,0.0,0.0,0.0,0.0,0.0,0.0,0.0,0.0,0.0,0.0,0.0,0.0,0.0,0.0,0.0
Al0.180018Co0.30003Cr0.09990999Fe0.09990999Mo0.030003Ni0.29012901,359.7,0.30003,0.09990999,0.29012901,0.0,0.180018,0.09990999,0.030003,0.0,0.0,0.0,0.0,0.0,0.0,0.0,0.0,0.0,0.0,0.0,0.0,0.0,0.0,0.0,0.0,0.0,0.0
Co0.24102193Cr0.24102193Fe0.24102193Mo0.03591227Ni0.24102193,210.0,0.24102193,0.24102193,0.24102193,0.0,0.0,0.24102193,0.03591227,0.0,0.0,0.0,0.0,0.0,0.0,0.0,0.0,0.0,0.0,0.0,0.0,0.0,0.0,0.0,0.0,0.0,0.0
Co0.2Cr0.2Cu0.2Ni0.2Zn0.2,615.0,0.2,0.0,0.2,0.0,0.0,0.2,0.0,0.0,0.2,0.0,0.0,0.0,0.0,0.0,0.0,0.0,0.0,0.0,0.0,0.2,0.0,0.0,0.0,0.0,0.0
Hf0.2Nb0.2Ta0.2Ti0.2Zr0.2,359.0,0.0,0.0,0.0,0.0,0.0,0.0,0.0,0.2,0.0,0.0,0.2,0.0,0.2,0.0,0.0,0.0,0.2,0.2,0.0,0.0,0.0,0.0,0.0,0.0,0.0
Nb0.25Ta0.25Ti0.25Zr0.25,358.0,0.0,0.0,0.0,0.0,0.0,0.0,0.0,0.25,0.0,0.0,0.25,0.0,0.25,0.0,0.0,0.0,0.0,0.25,0.0,0.0,0.0,0.0,0.0,0.0,0.0
Nb0.33333333Ta0.33333333Ti0.33333333,246.0,0.0,0.0,0.0,0.0,0.0,0.0,0.0,0.33333333,0.0,0.0,0.33333333,0.0,0.0,0.0,0.0,0.0,0.0,0.33333333,0.0,0.0,0.0,0.0,0.0,0.0,0.0
Ta0.33333333Ti0.33333333Zr0.33333333,485.0,0.0,0.0,0.0,0.0,0.0,0.0,0.0,0.33333333,0.0,0.0,0.0,0.0,0.33333333,0.0,0.0,0.0,0.0,0.33333333,0.0,0.0,0.0,0.0,0.0,0.0,0.0
Nb0.33333333Ti0.33333333Zr0.33333333,295.0,0.0,0.0,0.0,0.0,0.0,0.0,0.0,0.33333333,0.0,0.0,0.33333333,0.0,0.33333333,0.0,0.0,0.0,0.0,0.0,0.0,0.0,0.0,0.0,0.0,0.0,0.0
Nb0.37495313Ta0.25009374Ti0.25009374Zr0.12485939,294.0,0.0,0.0,0.0,0.0,0.0,0.0,0.0,0.25009374,0.0,0.0,0.37495313,0.0,0.12485939,0.0,0.0,0.0,0.0,0.25009374,0.0,0.0,0.0,0.0,0.0,0.0,0.0
Nb0.12485939Ta0.25009374Ti0.25009374Zr0.37495313,489.0,0.0,0.0,0.0,0.0,0.0,0.0,0.0,0.25009374,0.0,0.0,0.12485939,0.0,0.37495313,0.0,0.0,0.0,0.0,0.25009374,0.0,0.0,0.0,0.0,0.0,0.0,0.0
Al0.24485922Fe0.31635558Mn0.28566909Ni0.1531161,330.0,0.0,0.31635558,0.1531161,0.0,0.24485922,0.0,0.0,0.0,0.0,0.28566909,0.0,0.0,0.0,0.0,0.0,0.0,0.0,0.0,0.0,0.0,0.0,0.0,0.0,0.0,0.0
Al0.24286163Fe0.31377471Mn0.28333856Ni0.15186696Ti0.00815814,330.0,0.0,0.31377471,0.15186696,0.0,0.24286163,0.0,0.0,0.00815814,0.0,0.28333856,0.0,0.0,0.0,0.0,0.0,0.0,0.0,0.0,0.0,0.0,0.0,0.0,0.0,0.0,0.0
Al0.23756906Fe0.30693677Mn0.2771639Ni0.1485574Ti0.02977287,490.0,0.0,0.30693677,0.1485574,0.0,0.23756906,0.0,0.0,0.02977287,0.0,0.2771639,0.0,0.0,0.0,0.0,0.0,0.0,0.0,0.0,0.0,0.0,0.0,0.0,0.0,0.0,0.0
Co0.2Cr0.2Fe0.2Mn0.2Ni0.2,435.0,0.2,0.2,0.2,0.0,0.0,0.2,0.0,0.0,0.0,0.2,0.0,0.0,0.0,0.0,0.0,0.0,0.0,0.0,0.0,0.0,0.0,0.0,0.0,0.0,0.0
C0.02629086Co0.23685457Cr0.23685457Fe0.23685457Ni0.23685457W0.02629086,475.0,0.23685457,0.23685457,0.23685457,0.0,0.0,0.23685457,0.0,0.0,0.0,0.0,0.0,0.0,0.0,0.0,0.0,0.0,0.0,0.0,0.02629086,0.0,0.0,0.02629086,0.0,0.0,0.0
C0.08830795Co0.20584603Cr0.20584603Fe0.20584603Ni0.20584603W0.08830795,531.0,0.20584603,0.20584603,0.20584603,0.0,0.0,0.20584603,0.0,0.0,0.0,0.0,0.0,0.0,0.0,0.0,0.0,0.0,0.0,0.0,0.08830795,0.0,0.0,0.08830795,0.0,0.0,0.0
Al0.07698962Co0.28835063Cr0.19232987Fe0.19232987Ni0.19232987Ti0.05767013,515.0,0.28835063,0.19232987,0.19232987,0.0,0.07698962,0.19232987,0.0,0.05767013,0.0,0.0,0.0,0.0,0.0,0.0,0.0,0.0,0.0,0.0,0.0,0.0,0.0,0.0,0.0,0.0,0.0
Al0.25Nb0.25Ti0.25Zr0.25,418.0,0.0,0.0,0.0,0.0,0.25,0.0,0.0,0.25,0.0,0.0,0.25,0.0,0.25,0.0,0.0,0.0,0.0,0.0,0.0,0.0,0.0,0.0,0.0,0.0,0.0
Al0.22222222Cr0.22222222Fe0.22222222Mo0.11111111Ni0.22222222,623.7,0.0,0.22222222,0.22222222,0.0,0.22222222,0.22222222,0.11111111,0.0,0.0,0.0,0.0,0.0,0.0,0.0,0.0,0.0,0.0,0.0,0.0,0.0,0.0,0.0,0.0,0.0,0.0
Al0.21052632Cr0.21052632Fe0.21052632Mo0.10526316Ni0.21052632Ti0.05263158,712.0,0.0,0.21052632,0.21052632,0.0,0.21052632,0.21052632,0.10526316,0.05263158,0.0,0.0,0.0,0.0,0.0,0.0,0.0,0.0,0.0,0.0,0.0,0.0,0.0,0.0,0.0,0.0,0.0
Al0.20408163Cr0.20408163Fe0.20408163Mo0.10204082Ni0.20408163Ti0.08163265,731.9,0.0,0.20408163,0.20408163,0.0,0.20408163,0.20408163,0.10204082,0.08163265,0.0,0.0,0.0,0.0,0.0,0.0,0.0,0.0,0.0,0.0,0.0,0.0,0.0,0.0,0.0,0.0,0.0
Al0.2Cr0.2Fe0.2Mo0.1Ni0.2Ti0.1,751.7,0.0,0.2,0.2,0.0,0.2,0.2,0.1,0.1,0.0,0.0,0.0,0.0,0.0,0.0,0.0,0.0,0.0,0.0,0.0,0.0,0.0,0.0,0.0,0.0,0.0
Al0.19607843Cr0.19607843Fe0.19607843Mo0.09803922Ni0.19607843Ti0.11764706,756.1,0.0,0.19607843,0.19607843,0.0,0.19607843,0.19607843,0.09803922,0.11764706,0.0,0.0,0.0,0.0,0.0,0.0,0.0,0.0,0.0,0.0,0.0,0.0,0.0,0.0,0.0,0.0,0.0
Al0.19047619Cr0.19047619Fe0.19047619Mo0.0952381Ni0.19047619Ti0.14285714,766.2,0.0,0.19047619,0.19047619,0.0,0.19047619,0.19047619,0.0952381,0.14285714,0.0,0.0,0.0,0.0,0.0,0.0,0.0,0.0,0.0,0.0,0.0,0.0,0.0,0.0,0.0,0.0,0.0
Al0.25Mo0.25Nb0.25Ti0.25,509.0,0.0,0.0,0.0,0.0,0.25,0.0,0.25,0.25,0.0,0.0,0.25,0.0,0.0,0.0,0.0,0.0,0.0,0.0,0.0,0.0,0.0,0.0,0.0,0.0,0.0
Al0.25Nb0.25Ta0.25Ti0.25,458.0,0.0,0.0,0.0,0.0,0.25,0.0,0.0,0.25,0.0,0.0,0.25,0.0,0.0,0.0,0.0,0.0,0.0,0.25,0.0,0.0,0.0,0.0,0.0,0.0,0.0
Cr0.25Mo0.25Ta0.25Ti0.25,539.0,0.0,0.0,0.0,0.0,0.0,0.25,0.25,0.25,0.0,0.0,0.0,0.0,0.0,0.0,0.0,0.0,0.0,0.25,0.0,0.0,0.0,0.0,0.0,0.0,0.0
Cr0.25Nb0.25Ta0.25Ti0.25,495.0,0.0,0.0,0.0,0.0,0.0,0.25,0.0,0.25,0.0,0.0,0.25,0.0,0.0,0.0,0.0,0.0,0.0,0.25,0.0,0.0,0.0,0.0,0.0,0.0,0.0
Cr0.25Nb0.25Ti0.25W0.25,630.0,0.0,0.0,0.0,0.0,0.0,0.25,0.0,0.25,0.0,0.0,0.25,0.0,0.0,0.0,0.0,0.0,0.0,0.0,0.25,0.0,0.0,0.0,0.0,0.0,0.0
Hf0.25Nb0.25Ta0.25Ti0.25,270.0,0.0,0.0,0.0,0.0,0.0,0.0,0.0,0.25,0.0,0.0,0.25,0.0,0.0,0.0,0.0,0.0,0.25,0.25,0.0,0.0,0.0,0.0,0.0,0.0,0.0
Mo0.2Nb0.2Ta0.2Ti0.2W0.2,446.0,0.0,0.0,0.0,0.0,0.0,0.0,0.2,0.2,0.0,0.0,0.2,0.0,0.0,0.0,0.0,0.0,0.0,0.2,0.2,0.0,0.0,0.0,0.0,0.0,0.0
Mo0.25Nb0.25Ta0.25Ti0.25,431.0,0.0,0.0,0.0,0.0,0.0,0.0,0.25,0.25,0.0,0.0,0.25,0.0,0.0,0.0,0.0,0.0,0.0,0.25,0.0,0.0,0.0,0.0,0.0,0.0,0.0
Al0.18181818Co0.09090909Cr0.18181818Cu0.18181818Fe0.18181818Ni0.18181818,473.0,0.09090909,0.18181818,0.18181818,0.0,0.18181818,0.18181818,0.0,0.0,0.18181818,0.0,0.0,0.0,0.0,0.0,0.0,0.0,0.0,0.0,0.0,0.0,0.0,0.0,0.0,0.0,0.0
Al0.18181818Co0.18181818Cr0.09090909Cu0.18181818Fe0.18181818Ni0.18181818,367.0,0.18181818,0.18181818,0.18181818,0.0,0.18181818,0.09090909,0.0,0.0,0.18181818,0.0,0.0,0.0,0.0,0.0,0.0,0.0,0.0,0.0,0.0,0.0,0.0,0.0,0.0,0.0,0.0
Al0.18181818Co0.18181818Cr0.18181818Cu0.18181818Fe0.09090909Ni0.18181818,418.0,0.18181818,0.09090909,0.18181818,0.0,0.18181818,0.18181818,0.0,0.0,0.18181818,0.0,0.0,0.0,0.0,0.0,0.0,0.0,0.0,0.0,0.0,0.0,0.0,0.0,0.0,0.0,0.0
Al0.18181818Co0.18181818Cr0.18181818Cu0.18181818Fe0.18181818Ni0.09090909,423.0,0.18181818,0.18181818,0.09090909,0.0,0.18181818,0.18181818,0.0,0.0,0.18181818,0.0,0.0,0.0,0.0,0.0,0.0,0.0,0.0,0.0,0.0,0.0,0.0,0.0,0.0,0.0,0.0
Al0.05294705Co0.21078921Cr0.21078921Fe0.26273726Ni0.26273726,168.0,0.21078921,0.26273726,0.26273726,0.0,0.05294705,0.21078921,0.0,0.0,0.0,0.0,0.0,0.0,0.0,0.0,0.0,0.0,0.0,0.0,0.0,0.0,0.0,0.0,0.0,0.0,0.0
Al0.125Co0.125Cr0.125Fe0.125Ni0.5,225.0,0.125,0.125,0.5,0.0,0.125,0.125,0.0,0.0,0.0,0.0,0.0,0.0,0.0,0.0,0.0,0.0,0.0,0.0,0.0,0.0,0.0,0.0,0.0,0.0,0.0
Cr0.25Cu0.25Fe0.25Ni0.25,143.0,0.0,0.25,0.25,0.0,0.0,0.25,0.0,0.0,0.25,0.0,0.0,0.0,0.0,0.0,0.0,0.0,0.0,0.0,0.0,0.0,0.0,0.0,0.0,0.0,0.0
Co0.0499002Cr0.23752495Cu0.23752495Fe0.23752495Ni0.23752495,146.0,0.0499002,0.23752495,0.23752495,0.0,0.0,0.23752495,0.0,0.0,0.23752495,0.0,0.0,0.0,0.0,0.0,0.0,0.0,0.0,0.0,0.0,0.0,0.0,0.0,0.0,0.0,0.0
Co0.1Cr0.225Cu0.225Fe0.225Ni0.225,150.0,0.1,0.225,0.225,0.0,0.0,0.225,0.0,0.0,0.225,0.0,0.0,0.0,0.0,0.0,0.0,0.0,0.0,0.0,0.0,0.0,0.0,0.0,0.0,0.0,0.0
Co0.1497006Cr0.21257485Cu0.21257485Fe0.21257485Ni0.21257485,158.0,0.1497006,0.21257485,0.21257485,0.0,0.0,0.21257485,0.0,0.0,0.21257485,0.0,0.0,0.0,0.0,0.0,0.0,0.0,0.0,0.0,0.0,0.0,0.0,0.0,0.0,0.0,0.0
Co0.33266733Cr0.16683317Cu0.16683317Fe0.16683317Ni0.16683317,175.0,0.33266733,0.16683317,0.16683317,0.0,0.0,0.16683317,0.0,0.0,0.16683317,0.0,0.0,0.0,0.0,0.0,0.0,0.0,0.0,0.0,0.0,0.0,0.0,0.0,0.0,0.0,0.0
Co0.25Cu0.25Fe0.25Ni0.25,154.0,0.25,0.25,0.25,0.0,0.0,0.0,0.0,0.0,0.25,0.0,0.0,0.0,0.0,0.0,0.0,0.0,0.0,0.0,0.0,0.0,0.0,0.0,0.0,0.0,0.0
Co0.23752495Cr0.0499002Cu0.23752495Fe0.23752495Ni0.23752495,153.0,0.23752495,0.23752495,0.23752495,0.0,0.0,0.0499002,0.0,0.0,0.23752495,0.0,0.0,0.0,0.0,0.0,0.0,0.0,0.0,0.0,0.0,0.0,0.0,0.0,0.0,0.0,0.0
Co0.225Cr0.1Cu0.225Fe0.225Ni0.225,158.0,0.225,0.225,0.225,0.0,0.0,0.1,0.0,0.0,0.225,0.0,0.0,0.0,0.0,0.0,0.0,0.0,0.0,0.0,0.0,0.0,0.0,0.0,0.0,0.0,0.0
Co0.21257485Cr0.1497006Cu0.21257485Fe0.21257485Ni0.21257485,161.0,0.21257485,0.21257485,0.21257485,0.0,0.0,0.1497006,0.0,0.0,0.21257485,0.0,0.0,0.0,0.0,0.0,0.0,0.0,0.0,0.0,0.0,0.0,0.0,0.0,0.0,0.0,0.0
Co0.16683317Cr0.33266733Cu0.16683317Fe0.16683317Ni0.16683317,172.0,0.16683317,0.16683317,0.16683317,0.0,0.0,0.33266733,0.0,0.0,0.16683317,0.0,0.0,0.0,0.0,0.0,0.0,0.0,0.0,0.0,0.0,0.0,0.0,0.0,0.0,0.0,0.0
Co0.25Cr0.25Cu0.25Ni0.25,183.0,0.25,0.0,0.25,0.0,0.0,0.25,0.0,0.0,0.25,0.0,0.0,0.0,0.0,0.0,0.0,0.0,0.0,0.0,0.0,0.0,0.0,0.0,0.0,0.0,0.0
Co0.23752495Cr0.23752495Cu0.23752495Fe0.0499002Ni0.23752495,182.0,0.23752495,0.0499002,0.23752495,0.0,0.0,0.23752495,0.0,0.0,0.23752495,0.0,0.0,0.0,0.0,0.0,0.0,0.0,0.0,0.0,0.0,0.0,0.0,0.0,0.0,0.0,0.0
Co0.225Cr0.225Cu0.225Fe0.1Ni0.225,172.0,0.225,0.1,0.225,0.0,0.0,0.225,0.0,0.0,0.225,0.0,0.0,0.0,0.0,0.0,0.0,0.0,0.0,0.0,0.0,0.0,0.0,0.0,0.0,0.0,0.0
Co0.21257485Cr0.21257485Cu0.21257485Fe0.1497006Ni0.21257485,171.0,0.21257485,0.1497006,0.21257485,0.0,0.0,0.21257485,0.0,0.0,0.21257485,0.0,0.0,0.0,0.0,0.0,0.0,0.0,0.0,0.0,0.0,0.0,0.0,0.0,0.0,0.0,0.0
Co0.16683317Cr0.16683317Cu0.16683317Fe0.33266733Ni0.16683317,157.0,0.16683317,0.33266733,0.16683317,0.0,0.0,0.16683317,0.0,0.0,0.16683317,0.0,0.0,0.0,0.0,0.0,0.0,0.0,0.0,0.0,0.0,0.0,0.0,0.0,0.0,0.0,0.0
Co0.225Cr0.225Cu0.225Fe0.225Ni0.1,170.0,0.225,0.225,0.1,0.0,0.0,0.225,0.0,0.0,0.225,0.0,0.0,0.0,0.0,0.0,0.0,0.0,0.0,0.0,0.0,0.0,0.0,0.0,0.0,0.0,0.0
Co0.21257485Cr0.21257485Cu0.21257485Fe0.21257485Ni0.1497006,167.0,0.21257485,0.21257485,0.1497006,0.0,0.0,0.21257485,0.0,0.0,0.21257485,0.0,0.0,0.0,0.0,0.0,0.0,0.0,0.0,0.0,0.0,0.0,0.0,0.0,0.0,0.0,0.0
Co0.16683317Cr0.16683317Cu0.16683317Fe0.16683317Ni0.33266733,158.0,0.16683317,0.16683317,0.33266733,0.0,0.0,0.16683317,0.0,0.0,0.16683317,0.0,0.0,0.0,0.0,0.0,0.0,0.0,0.0,0.0,0.0,0.0,0.0,0.0,0.0,0.0,0.0
Co0.26673327Cr0.26673327Fe0.26673327Ni0.1998002,140.0,0.26673327,0.26673327,0.1998002,0.0,0.0,0.26673327,0.0,0.0,0.0,0.0,0.0,0.0,0.0,0.0,0.0,0.0,0.0,0.0,0.0,0.0,0.0,0.0,0.0,0.0,0.0
Co0.2Cr0.2Fe0.2Ni0.4,125.0,0.2,0.2,0.4,0.0,0.0,0.2,0.0,0.0,0.0,0.0,0.0,0.0,0.0,0.0,0.0,0.0,0.0,0.0,0.0,0.0,0.0,0.0,0.0,0.0,0.0
Al0.14285714Co0.14285714Cr0.14285714Fe0.14285714Ni0.42857143,242.0,0.14285714,0.14285714,0.42857143,0.0,0.14285714,0.14285714,0.0,0.0,0.0,0.0,0.0,0.0,0.0,0.0,0.0,0.0,0.0,0.0,0.0,0.0,0.0,0.0,0.0,0.0,0.0
Al0.15384615Co0.15384615Cr0.15384615Fe0.15384615Ni0.38461538,265.0,0.15384615,0.15384615,0.38461538,0.0,0.15384615,0.15384615,0.0,0.0,0.0,0.0,0.0,0.0,0.0,0.0,0.0,0.0,0.0,0.0,0.0,0.0,0.0,0.0,0.0,0.0,0.0
Al0.16683317Co0.16683317Cr0.16683317Fe0.16683317Ni0.33266733,335.0,0.16683317,0.16683317,0.33266733,0.0,0.16683317,0.16683317,0.0,0.0,0.0,0.0,0.0,0.0,0.0,0.0,0.0,0.0,0.0,0.0,0.0,0.0,0.0,0.0,0.0,0.0,0.0
Co0.28328328Cr0.28328328Fe0.28328328Ni0.15015015,170.0,0.28328328,0.28328328,0.15015015,0.0,0.0,0.28328328,0.0,0.0,0.0,0.0,0.0,0.0,0.0,0.0,0.0,0.0,0.0,0.0,0.0,0.0,0.0,0.0,0.0,0.0,0.0
Al0.04995005Co0.31668332Cr0.31668332Fe0.31668332,475.0,0.31668332,0.31668332,0.0,0.0,0.04995005,0.31668332,0.0,0.0,0.0,0.0,0.0,0.0,0.0,0.0,0.0,0.0,0.0,0.0,0.0,0.0,0.0,0.0,0.0,0.0,0.0
Al0.1Co0.3Cr0.3Fe0.3,620.0,0.3,0.3,0.0,0.0,0.1,0.3,0.0,0.0,0.0,0.0,0.0,0.0,0.0,0.0,0.0,0.0,0.0,0.0,0.0,0.0,0.0,0.0,0.0,0.0,0.0
Al0.18181818Co0.18181818Cr0.18181818Fe0.18181818Ni0.27272727,503.0,0.18181818,0.18181818,0.27272727,0.0,0.18181818,0.18181818,0.0,0.0,0.0,0.0,0.0,0.0,0.0,0.0,0.0,0.0,0.0,0.0,0.0,0.0,0.0,0.0,0.0,0.0,0.0
Al0.21257485Co0.21257485Cr0.21257485Fe0.21257485Ni0.1497006,555.0,0.21257485,0.21257485,0.1497006,0.0,0.21257485,0.21257485,0.0,0.0,0.0,0.0,0.0,0.0,0.0,0.0,0.0,0.0,0.0,0.0,0.0,0.0,0.0,0.0,0.0,0.0,0.0
Al0.225Co0.225Cr0.225Fe0.225Ni0.1,548.0,0.225,0.225,0.1,0.0,0.225,0.225,0.0,0.0,0.0,0.0,0.0,0.0,0.0,0.0,0.0,0.0,0.0,0.0,0.0,0.0,0.0,0.0,0.0,0.0,0.0
Al0.23752495Co0.23752495Cr0.23752495Fe0.23752495Ni0.0499002,615.0,0.23752495,0.23752495,0.0499002,0.0,0.23752495,0.23752495,0.0,0.0,0.0,0.0,0.0,0.0,0.0,0.0,0.0,0.0,0.0,0.0,0.0,0.0,0.0,0.0,0.0,0.0,0.0
Al0.25Co0.25Cr0.25Fe0.25,720.0,0.25,0.25,0.0,0.0,0.25,0.25,0.0,0.0,0.0,0.0,0.0,0.0,0.0,0.0,0.0,0.0,0.0,0.0,0.0,0.0,0.0,0.0,0.0,0.0,0.0
Al0.23752495Co0.0499002Cr0.23752495Fe0.23752495Ni0.23752495,550.0,0.0499002,0.23752495,0.23752495,0.0,0.23752495,0.23752495,0.0,0.0,0.0,0.0,0.0,0.0,0.0,0.0,0.0,0.0,0.0,0.0,0.0,0.0,0.0,0.0,0.0,0.0,0.0
Al0.225Co0.1Cr0.225Fe0.225Ni0.225,539.0,0.1,0.225,0.225,0.0,0.225,0.225,0.0,0.0,0.0,0.0,0.0,0.0,0.0,0.0,0.0,0.0,0.0,0.0,0.0,0.0,0.0,0.0,0.0,0.0,0.0
Al0.16683317Co0.33266733Cr0.16683317Fe0.16683317Ni0.16683317,532.0,0.33266733,0.16683317,0.16683317,0.0,0.16683317,0.16683317,0.0,0.0,0.0,0.0,0.0,0.0,0.0,0.0,0.0,0.0,0.0,0.0,0.0,0.0,0.0,0.0,0.0,0.0,0.0
Al0.23752495Co0.23752495Cr0.0499002Fe0.23752495Ni0.23752495,438.0,0.23752495,0.23752495,0.23752495,0.0,0.23752495,0.0499002,0.0,0.0,0.0,0.0,0.0,0.0,0.0,0.0,0.0,0.0,0.0,0.0,0.0,0.0,0.0,0.0,0.0,0.0,0.0
Al0.225Co0.225Cr0.1Fe0.225Ni0.225,476.0,0.225,0.225,0.225,0.0,0.225,0.1,0.0,0.0,0.0,0.0,0.0,0.0,0.0,0.0,0.0,0.0,0.0,0.0,0.0,0.0,0.0,0.0,0.0,0.0,0.0
Al0.21257485Co0.21257485Cr0.1497006Fe0.21257485Ni0.21257485,510.0,0.21257485,0.21257485,0.21257485,0.0,0.21257485,0.1497006,0.0,0.0,0.0,0.0,0.0,0.0,0.0,0.0,0.0,0.0,0.0,0.0,0.0,0.0,0.0,0.0,0.0,0.0,0.0
Al0.16683317Co0.16683317Cr0.33266733Fe0.16683317Ni0.16683317,617.0,0.16683317,0.16683317,0.16683317,0.0,0.16683317,0.33266733,0.0,0.0,0.0,0.0,0.0,0.0,0.0,0.0,0.0,0.0,0.0,0.0,0.0,0.0,0.0,0.0,0.0,0.0,0.0
Al0.25Co0.25Cr0.25Ni0.25,712.0,0.25,0.0,0.25,0.0,0.25,0.25,0.0,0.0,0.0,0.0,0.0,0.0,0.0,0.0,0.0,0.0,0.0,0.0,0.0,0.0,0.0,0.0,0.0,0.0,0.0
Al0.23752495Co0.23752495Cr0.23752495Fe0.0499002Ni0.23752495,665.0,0.23752495,0.0499002,0.23752495,0.0,0.23752495,0.23752495,0.0,0.0,0.0,0.0,0.0,0.0,0.0,0.0,0.0,0.0,0.0,0.0,0.0,0.0,0.0,0.0,0.0,0.0,0.0
Al0.225Co0.225Cr0.225Fe0.1Ni0.225,587.0,0.225,0.1,0.225,0.0,0.225,0.225,0.0,0.0,0.0,0.0,0.0,0.0,0.0,0.0,0.0,0.0,0.0,0.0,0.0,0.0,0.0,0.0,0.0,0.0,0.0
Al0.21257485Co0.21257485Cr0.21257485Fe0.1497006Ni0.21257485,558.0,0.21257485,0.1497006,0.21257485,0.0,0.21257485,0.21257485,0.0,0.0,0.0,0.0,0.0,0.0,0.0,0.0,0.0,0.0,0.0,0.0,0.0,0.0,0.0,0.0,0.0,0.0,0.0
Al0.16683317Co0.16683317Cr0.16683317Fe0.33266733Ni0.16683317,510.0,0.16683317,0.33266733,0.16683317,0.0,0.16683317,0.16683317,0.0,0.0,0.0,0.0,0.0,0.0,0.0,0.0,0.0,0.0,0.0,0.0,0.0,0.0,0.0,0.0,0.0,0.0,0.0
Al0.15015015Co0.28328328Cr0.28328328Fe0.28328328,655.0,0.28328328,0.28328328,0.0,0.0,0.15015015,0.28328328,0.0,0.0,0.0,0.0,0.0,0.0,0.0,0.0,0.0,0.0,0.0,0.0,0.0,0.0,0.0,0.0,0.0,0.0,0.0
Al0.1998002Co0.26673327Cr0.26673327Fe0.26673327,695.0,0.26673327,0.26673327,0.0,0.0,0.1998002,0.26673327,0.0,0.0,0.0,0.0,0.0,0.0,0.0,0.0,0.0,0.0,0.0,0.0,0.0,0.0,0.0,0.0,0.0,0.0,0.0
Al0.4Co0.2Cr0.2Fe0.2,775.0,0.2,0.2,0.0,0.0,0.4,0.2,0.0,0.0,0.0,0.0,0.0,0.0,0.0,0.0,0.0,0.0,0.0,0.0,0.0,0.0,0.0,0.0,0.0,0.0,0.0
Al0.05688623Co0.18862275Cr0.18862275Cu0.18862275Fe0.18862275Ni0.18862275,185.0,0.18862275,0.18862275,0.18862275,0.0,0.05688623,0.18862275,0.0,0.0,0.18862275,0.0,0.0,0.0,0.0,0.0,0.0,0.0,0.0,0.0,0.0,0.0,0.0,0.0,0.0,0.0,0.0
Al0.13827655Co0.17234469Cr0.17234469Cu0.17234469Fe0.17234469Ni0.17234469,273.0,0.17234469,0.17234469,0.17234469,0.0,0.13827655,0.17234469,0.0,0.0,0.17234469,0.0,0.0,0.0,0.0,0.0,0.0,0.0,0.0,0.0,0.0,0.0,0.0,0.0,0.0,0.0,0.0
Al0.20579421Co0.15884116Cr0.15884116Cu0.15884116Fe0.15884116Ni0.15884116,475.0,0.15884116,0.15884116,0.15884116,0.0,0.20579421,0.15884116,0.0,0.0,0.15884116,0.0,0.0,0.0,0.0,0.0,0.0,0.0,0.0,0.0,0.0,0.0,0.0,0.0,0.0,0.0,0.0
Al0.23076923Co0.15384615Cr0.15384615Cu0.15384615Fe0.15384615Ni0.15384615,510.0,0.15384615,0.15384615,0.15384615,0.0,0.23076923,0.15384615,0.0,0.0,0.15384615,0.0,0.0,0.0,0.0,0.0,0.0,0.0,0.0,0.0,0.0,0.0,0.0,0.0,0.0,0.0,0.0
Al0.375Co0.125Cr0.125Cu0.125Fe0.125Ni0.125,735.0,0.125,0.125,0.125,0.0,0.375,0.125,0.0,0.0,0.125,0.0,0.0,0.0,0.0,0.0,0.0,0.0,0.0,0.0,0.0,0.0,0.0,0.0,0.0,0.0,0.0
Al0.024Co0.244Cr0.244Fe0.244Ni0.244,118.0,0.244,0.244,0.244,0.0,0.024,0.244,0.0,0.0,0.0,0.0,0.0,0.0,0.0,0.0,0.0,0.0,0.0,0.0,0.0,0.0,0.0,0.0,0.0,0.0,0.0
Al0.31062124Co0.17234469Cr0.17234469Fe0.17234469Ni0.17234469,482.0,0.17234469,0.17234469,0.17234469,0.0,0.31062124,0.17234469,0.0,0.0,0.0,0.0,0.0,0.0,0.0,0.0,0.0,0.0,0.0,0.0,0.0,0.0,0.0,0.0,0.0,0.0,0.0
Al0.14285714Co0.42857143Cu0.14285714Fe0.14285714Ni0.14285714,166.0,0.42857143,0.14285714,0.14285714,0.0,0.14285714,0.0,0.0,0.0,0.14285714,0.0,0.0,0.0,0.0,0.0,0.0,0.0,0.0,0.0,0.0,0.0,0.0,0.0,0.0,0.0,0.0
Al0.2Co0.2Cu0.2Fe0.2Ni0.2,536.0,0.2,0.2,0.2,0.0,0.2,0.0,0.0,0.0,0.2,0.0,0.0,0.0,0.0,0.0,0.0,0.0,0.0,0.0,0.0,0.0,0.0,0.0,0.0,0.0,0.0
Al0.238Co0.048Cu0.238Fe0.238Ni0.238,531.0,0.048,0.238,0.238,0.0,0.238,0.0,0.0,0.0,0.238,0.0,0.0,0.0,0.0,0.0,0.0,0.0,0.0,0.0,0.0,0.0,0.0,0.0,0.0,0.0,0.0
Al0.22222222Co0.11111111Cu0.22222222Fe0.22222222Ni0.22222222,545.0,0.11111111,0.22222222,0.22222222,0.0,0.22222222,0.0,0.0,0.0,0.22222222,0.0,0.0,0.0,0.0,0.0,0.0,0.0,0.0,0.0,0.0,0.0,0.0,0.0,0.0,0.0,0.0
Al0.18181818Co0.27272727Cu0.18181818Fe0.18181818Ni0.18181818,366.0,0.27272727,0.18181818,0.18181818,0.0,0.18181818,0.0,0.0,0.0,0.18181818,0.0,0.0,0.0,0.0,0.0,0.0,0.0,0.0,0.0,0.0,0.0,0.0,0.0,0.0,0.0,0.0
Al0.16683317Co0.33266733Cu0.16683317Fe0.16683317Ni0.16683317,249.0,0.33266733,0.16683317,0.16683317,0.0,0.16683317,0.0,0.0,0.0,0.16683317,0.0,0.0,0.0,0.0,0.0,0.0,0.0,0.0,0.0,0.0,0.0,0.0,0.0,0.0,0.0,0.0
Al0.05905906Co0.23523524Cr0.23523524Fe0.23523524Ni0.23523524,110.0,0.23523524,0.23523524,0.23523524,0.0,0.05905906,0.23523524,0.0,0.0,0.0,0.0,0.0,0.0,0.0,0.0,0.0,0.0,0.0,0.0,0.0,0.0,0.0,0.0,0.0,0.0,0.0
Al0.08582834Co0.22854291Cr0.22854291Fe0.22854291Ni0.22854291,131.0,0.22854291,0.22854291,0.22854291,0.0,0.08582834,0.22854291,0.0,0.0,0.0,0.0,0.0,0.0,0.0,0.0,0.0,0.0,0.0,0.0,0.0,0.0,0.0,0.0,0.0,0.0,0.0
Al0.15768463Co0.21057884Cr0.21057884Fe0.21057884Ni0.21057884,388.0,0.21057884,0.21057884,0.21057884,0.0,0.15768463,0.21057884,0.0,0.0,0.0,0.0,0.0,0.0,0.0,0.0,0.0,0.0,0.0,0.0,0.0,0.0,0.0,0.0,0.0,0.0,0.0
Al0.17917918Co0.20520521Cr0.20520521Fe0.20520521Ni0.20520521,538.0,0.20520521,0.20520521,0.20520521,0.0,0.17917918,0.20520521,0.0,0.0,0.0,0.0,0.0,0.0,0.0,0.0,0.0,0.0,0.0,0.0,0.0,0.0,0.0,0.0,0.0,0.0,0.0
Al0.23847695Co0.19038076Cr0.19038076Fe0.19038076Ni0.19038076,487.0,0.19038076,0.19038076,0.19038076,0.0,0.23847695,0.19038076,0.0,0.0,0.0,0.0,0.0,0.0,0.0,0.0,0.0,0.0,0.0,0.0,0.0,0.0,0.0,0.0,0.0,0.0,0.0
Al0.03803804Cr0.19219219Cu0.19219219Fe0.19219219Ni0.38538539,162.0,0.0,0.19219219,0.38538539,0.0,0.03803804,0.19219219,0.0,0.0,0.19219219,0.0,0.0,0.0,0.0,0.0,0.0,0.0,0.0,0.0,0.0,0.0,0.0,0.0,0.0,0.0,0.0
Al0.05694306Cr0.18881119Cu0.18881119Fe0.18881119Ni0.37662338,170.0,0.0,0.18881119,0.37662338,0.0,0.05694306,0.18881119,0.0,0.0,0.18881119,0.0,0.0,0.0,0.0,0.0,0.0,0.0,0.0,0.0,0.0,0.0,0.0,0.0,0.0,0.0,0.0
Al0.07407407Cr0.18518519Cu0.18518519Fe0.18518519Ni0.37037037,200.0,0.0,0.18518519,0.37037037,0.0,0.07407407,0.18518519,0.0,0.0,0.18518519,0.0,0.0,0.0,0.0,0.0,0.0,0.0,0.0,0.0,0.0,0.0,0.0,0.0,0.0,0.0,0.0
Al0.09090909Cr0.18181818Cu0.18181818Fe0.18181818Ni0.36363636,238.0,0.0,0.18181818,0.36363636,0.0,0.09090909,0.18181818,0.0,0.0,0.18181818,0.0,0.0,0.0,0.0,0.0,0.0,0.0,0.0,0.0,0.0,0.0,0.0,0.0,0.0,0.0,0.0
Al0.10689311Cr0.17882118Cu0.17882118Fe0.17882118Ni0.35664336,278.0,0.0,0.17882118,0.35664336,0.0,0.10689311,0.17882118,0.0,0.0,0.17882118,0.0,0.0,0.0,0.0,0.0,0.0,0.0,0.0,0.0,0.0,0.0,0.0,0.0,0.0,0.0,0.0
Al0.12312312Cr0.17517518Cu0.17517518Fe0.17517518Ni0.35135135,290.0,0.0,0.17517518,0.35135135,0.0,0.12312312,0.17517518,0.0,0.0,0.17517518,0.0,0.0,0.0,0.0,0.0,0.0,0.0,0.0,0.0,0.0,0.0,0.0,0.0,0.0,0.0,0.0
Al0.13813814Cr0.17217217Cu0.17217217Fe0.17217217Ni0.34534535,315.0,0.0,0.17217217,0.34534535,0.0,0.13813814,0.17217217,0.0,0.0,0.17217217,0.0,0.0,0.0,0.0,0.0,0.0,0.0,0.0,0.0,0.0,0.0,0.0,0.0,0.0,0.0,0.0
Al0.16683317Cr0.16683317Cu0.16683317Fe0.16683317Ni0.33266733,392.0,0.0,0.16683317,0.33266733,0.0,0.16683317,0.16683317,0.0,0.0,0.16683317,0.0,0.0,0.0,0.0,0.0,0.0,0.0,0.0,0.0,0.0,0.0,0.0,0.0,0.0,0.0,0.0
Al0.194Cr0.161Cu0.161Fe0.161Ni0.323,521.0,0.0,0.161,0.323,0.0,0.194,0.161,0.0,0.0,0.161,0.0,0.0,0.0,0.0,0.0,0.0,0.0,0.0,0.0,0.0,0.0,0.0,0.0,0.0,0.0,0.0
Al0.33333333Cr0.13313313Cu0.13313313Fe0.13313313Ni0.26726727,593.0,0.0,0.13313313,0.26726727,0.0,0.33333333,0.13313313,0.0,0.0,0.13313313,0.0,0.0,0.0,0.0,0.0,0.0,0.0,0.0,0.0,0.0,0.0,0.0,0.0,0.0,0.0,0.0
Al0.2Cr0.2Cu0.2Fe0.2Ni0.2,479.0,0.0,0.2,0.2,0.0,0.2,0.2,0.0,0.0,0.2,0.0,0.0,0.0,0.0,0.0,0.0,0.0,0.0,0.0,0.0,0.0,0.0,0.0,0.0,0.0,0.0
Al0.21743487Cr0.21743487Cu0.21743487Fe0.21743487Ni0.13026052,494.0,0.0,0.21743487,0.13026052,0.0,0.21743487,0.21743487,0.0,0.0,0.21743487,0.0,0.0,0.0,0.0,0.0,0.0,0.0,0.0,0.0,0.0,0.0,0.0,0.0,0.0,0.0,0.0
Al0.20820821Cr0.20820821Cu0.20820821Fe0.20820821Ni0.16716717,486.0,0.0,0.20820821,0.16716717,0.0,0.20820821,0.20820821,0.0,0.0,0.20820821,0.0,0.0,0.0,0.0,0.0,0.0,0.0,0.0,0.0,0.0,0.0,0.0,0.0,0.0,0.0,0.0
Al0.19219219Cr0.19219219Cu0.19219219Fe0.19219219Ni0.23123123,408.0,0.0,0.19219219,0.23123123,0.0,0.19219219,0.19219219,0.0,0.0,0.19219219,0.0,0.0,0.0,0.0,0.0,0.0,0.0,0.0,0.0,0.0,0.0,0.0,0.0,0.0,0.0,0.0
Al0.18518519Cr0.18518519Cu0.18518519Fe0.18518519Ni0.25925926,370.0,0.0,0.18518519,0.25925926,0.0,0.18518519,0.18518519,0.0,0.0,0.18518519,0.0,0.0,0.0,0.0,0.0,0.0,0.0,0.0,0.0,0.0,0.0,0.0,0.0,0.0,0.0,0.0
Al0.16683317Co0.16683317Cr0.16683317Cu0.08291708Fe0.16683317Ni0.24975025,358.0,0.16683317,0.16683317,0.24975025,0.0,0.16683317,0.16683317,0.0,0.0,0.08291708,0.0,0.0,0.0,0.0,0.0,0.0,0.0,0.0,0.0,0.0,0.0,0.0,0.0,0.0,0.0,0.0
Al0.2Co0.2Cr0.2Cu0.1Fe0.1Ni0.2,586.0,0.2,0.1,0.2,0.0,0.2,0.2,0.0,0.0,0.1,0.0,0.0,0.0,0.0,0.0,0.0,0.0,0.0,0.0,0.0,0.0,0.0,0.0,0.0,0.0,0.0
Al0.16683317Co0.16683317Cr0.24975025Cu0.08291708Fe0.16683317Ni0.16683317,601.0,0.16683317,0.16683317,0.16683317,0.0,0.16683317,0.24975025,0.0,0.0,0.08291708,0.0,0.0,0.0,0.0,0.0,0.0,0.0,0.0,0.0,0.0,0.0,0.0,0.0,0.0,0.0,0.0
Al0.15384615Co0.30769231Cr0.15384615Cu0.07692308Fe0.15384615Ni0.15384615,295.0,0.30769231,0.15384615,0.15384615,0.0,0.15384615,0.15384615,0.0,0.0,0.07692308,0.0,0.0,0.0,0.0,0.0,0.0,0.0,0.0,0.0,0.0,0.0,0.0,0.0,0.0,0.0,0.0
Al0.22222222Co0.22222222Cu0.11111111Fe0.22222222Ni0.22222222,584.0,0.22222222,0.22222222,0.22222222,0.0,0.22222222,0.0,0.0,0.0,0.11111111,0.0,0.0,0.0,0.0,0.0,0.0,0.0,0.0,0.0,0.0,0.0,0.0,0.0,0.0,0.0,0.0
Al0.15384615Co0.15384615Cr0.15384615Cu0.07692308Fe0.15384615Ni0.30769231,310.0,0.15384615,0.15384615,0.30769231,0.0,0.15384615,0.15384615,0.0,0.0,0.07692308,0.0,0.0,0.0,0.0,0.0,0.0,0.0,0.0,0.0,0.0,0.0,0.0,0.0,0.0,0.0,0.0
Al0.16683317Co0.24975025Cr0.16683317Cu0.08291708Fe0.16683317Ni0.16683317,451.0,0.24975025,0.16683317,0.16683317,0.0,0.16683317,0.16683317,0.0,0.0,0.08291708,0.0,0.0,0.0,0.0,0.0,0.0,0.0,0.0,0.0,0.0,0.0,0.0,0.0,0.0,0.0,0.0
Al0.2Co0.2Cr0.1Cu0.1Fe0.2Ni0.2,546.0,0.2,0.2,0.2,0.0,0.2,0.1,0.0,0.0,0.1,0.0,0.0,0.0,0.0,0.0,0.0,0.0,0.0,0.0,0.0,0.0,0.0,0.0,0.0,0.0,0.0
Al0.15384615Co0.15384615Cr0.30769231Cu0.07692308Fe0.15384615Ni0.15384615,607.0,0.15384615,0.15384615,0.15384615,0.0,0.15384615,0.30769231,0.0,0.0,0.07692308,0.0,0.0,0.0,0.0,0.0,0.0,0.0,0.0,0.0,0.0,0.0,0.0,0.0,0.0,0.0,0.0
Al0.16683317Co0.16683317Cr0.16683317Cu0.08291708Fe0.24975025Ni0.16683317,537.0,0.16683317,0.24975025,0.16683317,0.0,0.16683317,0.16683317,0.0,0.0,0.08291708,0.0,0.0,0.0,0.0,0.0,0.0,0.0,0.0,0.0,0.0,0.0,0.0,0.0,0.0,0.0,0.0
Al0.15384615Co0.15384615Cr0.15384615Cu0.07692308Fe0.30769231Ni0.15384615,514.0,0.15384615,0.30769231,0.15384615,0.0,0.15384615,0.15384615,0.0,0.0,0.07692308,0.0,0.0,0.0,0.0,0.0,0.0,0.0,0.0,0.0,0.0,0.0,0.0,0.0,0.0,0.0,0.0
Al0.2Co0.2Cr0.2Cu0.1Fe0.2Ni0.1,604.0,0.2,0.2,0.1,0.0,0.2,0.2,0.0,0.0,0.1,0.0,0.0,0.0,0.0,0.0,0.0,0.0,0.0,0.0,0.0,0.0,0.0,0.0,0.0,0.0,0.0
Al0.22222222Co0.22222222Cr0.22222222Cu0.11111111Fe0.22222222,639.0,0.22222222,0.22222222,0.0,0.0,0.22222222,0.22222222,0.0,0.0,0.11111111,0.0,0.0,0.0,0.0,0.0,0.0,0.0,0.0,0.0,0.0,0.0,0.0,0.0,0.0,0.0,0.0
Al0.22222222Cr0.22222222Cu0.11111111Fe0.22222222Ni0.22222222,534.0,0.0,0.22222222,0.22222222,0.0,0.22222222,0.22222222,0.0,0.0,0.11111111,0.0,0.0,0.0,0.0,0.0,0.0,0.0,0.0,0.0,0.0,0.0,0.0,0.0,0.0,0.0,0.0
Al0.30769231Co0.15384615Cr0.15384615Cu0.07692308Fe0.15384615Ni0.15384615,609.0,0.15384615,0.15384615,0.15384615,0.0,0.30769231,0.15384615,0.0,0.0,0.07692308,0.0,0.0,0.0,0.0,0.0,0.0,0.0,0.0,0.0,0.0,0.0,0.0,0.0,0.0,0.0,0.0
Al0.2Co0.1Cr0.2Cu0.1Fe0.2Ni0.2,551.0,0.1,0.2,0.2,0.0,0.2,0.2,0.0,0.0,0.1,0.0,0.0,0.0,0.0,0.0,0.0,0.0,0.0,0.0,0.0,0.0,0.0,0.0,0.0,0.0,0.0
Al0.11111111Cr0.22222222Cu0.22222222Fe0.22222222Ni0.22222222,382.0,0.0,0.22222222,0.22222222,0.0,0.11111111,0.22222222,0.0,0.0,0.22222222,0.0,0.0,0.0,0.0,0.0,0.0,0.0,0.0,0.0,0.0,0.0,0.0,0.0,0.0,0.0,0.0
Al0.27272727Cr0.18181818Cu0.18181818Fe0.18181818Ni0.18181818,573.0,0.0,0.18181818,0.18181818,0.0,0.27272727,0.18181818,0.0,0.0,0.18181818,0.0,0.0,0.0,0.0,0.0,0.0,0.0,0.0,0.0,0.0,0.0,0.0,0.0,0.0,0.0,0.0
Al0.33266733Cr0.16683317Cu0.16683317Fe0.16683317Ni0.16683317,651.0,0.0,0.16683317,0.16683317,0.0,0.33266733,0.16683317,0.0,0.0,0.16683317,0.0,0.0,0.0,0.0,0.0,0.0,0.0,0.0,0.0,0.0,0.0,0.0,0.0,0.0,0.0,0.0
Al0.07692308Co0.30769231Fe0.30769231Ni0.30769231,135.0,0.30769231,0.30769231,0.30769231,0.0,0.07692308,0.0,0.0,0.0,0.0,0.0,0.0,0.0,0.0,0.0,0.0,0.0,0.0,0.0,0.0,0.0,0.0,0.0,0.0,0.0,0.0
Al0.14285714Co0.28571429Fe0.28571429Ni0.28571429,205.0,0.28571429,0.28571429,0.28571429,0.0,0.14285714,0.0,0.0,0.0,0.0,0.0,0.0,0.0,0.0,0.0,0.0,0.0,0.0,0.0,0.0,0.0,0.0,0.0,0.0,0.0,0.0
Al0.1998002Co0.26673327Fe0.26673327Ni0.26673327,380.0,0.26673327,0.26673327,0.26673327,0.0,0.1998002,0.0,0.0,0.0,0.0,0.0,0.0,0.0,0.0,0.0,0.0,0.0,0.0,0.0,0.0,0.0,0.0,0.0,0.0,0.0,0.0
Al0.08Co0.17Cr0.17Cu0.08Fe0.17Ni0.33,280.0,0.17,0.17,0.33,0.0,0.08,0.17,0.0,0.0,0.08,0.0,0.0,0.0,0.0,0.0,0.0,0.0,0.0,0.0,0.0,0.0,0.0,0.0,0.0,0.0,0.0
Al0.23Co0.15Cr0.23Cu0.08Fe0.15Ni0.16,580.0,0.15,0.15,0.16,0.0,0.23,0.23,0.0,0.0,0.08,0.0,0.0,0.0,0.0,0.0,0.0,0.0,0.0,0.0,0.0,0.0,0.0,0.0,0.0,0.0,0.0
Al0.16683317Cr0.55544456Ni0.27772228,371.0,0.0,0.0,0.27772228,0.0,0.16683317,0.55544456,0.0,0.0,0.0,0.0,0.0,0.0,0.0,0.0,0.0,0.0,0.0,0.0,0.0,0.0,0.0,0.0,0.0,0.0,0.0
Al0.118Cr0.294Fe0.441Ni0.147,450.0,0.0,0.441,0.147,0.0,0.118,0.294,0.0,0.0,0.0,0.0,0.0,0.0,0.0,0.0,0.0,0.0,0.0,0.0,0.0,0.0,0.0,0.0,0.0,0.0,0.0
Al0.06293706Cr0.31268731Fe0.46853147Ni0.15584416,304.0,0.0,0.46853147,0.15584416,0.0,0.06293706,0.31268731,0.0,0.0,0.0,0.0,0.0,0.0,0.0,0.0,0.0,0.0,0.0,0.0,0.0,0.0,0.0,0.0,0.0,0.0,0.0
Al0.38461538Co0.15384615Cr0.15384615Fe0.15384615Ni0.15384615,695.0,0.15384615,0.15384615,0.15384615,0.0,0.38461538,0.15384615,0.0,0.0,0.0,0.0,0.0,0.0,0.0,0.0,0.0,0.0,0.0,0.0,0.0,0.0,0.0,0.0,0.0,0.0,0.0
Al0.42857143Co0.14285714Cr0.14285714Fe0.14285714Ni0.14285714,740.0,0.14285714,0.14285714,0.14285714,0.0,0.42857143,0.14285714,0.0,0.0,0.0,0.0,0.0,0.0,0.0,0.0,0.0,0.0,0.0,0.0,0.0,0.0,0.0,0.0,0.0,0.0,0.0
Al0.09090909Co0.18181818Cr0.18181818Cu0.18181818Fe0.18181818Ni0.18181818,207.0,0.18181818,0.18181818,0.18181818,0.0,0.09090909,0.18181818,0.0,0.0,0.18181818,0.0,0.0,0.0,0.0,0.0,0.0,0.0,0.0,0.0,0.0,0.0,0.0,0.0,0.0,0.0,0.0
Al0.28571429Co0.14285714Cr0.14285714Cu0.14285714Fe0.14285714Ni0.14285714,576.0,0.14285714,0.14285714,0.14285714,0.0,0.28571429,0.14285714,0.0,0.0,0.14285714,0.0,0.0,0.0,0.0,0.0,0.0,0.0,0.0,0.0,0.0,0.0,0.0,0.0,0.0,0.0,0.0
Al0.2Co0.2Cr0.2Cu0.2Ni0.2,415.0,0.2,0.0,0.2,0.0,0.2,0.2,0.0,0.0,0.2,0.0,0.0,0.0,0.0,0.0,0.0,0.0,0.0,0.0,0.0,0.0,0.0,0.0,0.0,0.0,0.0
Al0.24975025Co0.16683317Cr0.16683317Cu0.08291708Fe0.16683317Ni0.16683317,602.0,0.16683317,0.16683317,0.16683317,0.0,0.24975025,0.16683317,0.0,0.0,0.08291708,0.0,0.0,0.0,0.0,0.0,0.0,0.0,0.0,0.0,0.0,0.0,0.0,0.0,0.0,0.0,0.0
Co0.2Cr0.2Cu0.2Fe0.2Ni0.2,155.0,0.2,0.2,0.2,0.0,0.0,0.2,0.0,0.0,0.2,0.0,0.0,0.0,0.0,0.0,0.0,0.0,0.0,0.0,0.0,0.0,0.0,0.0,0.0,0.0,0.0
Co0.25Cr0.25Fe0.25Ni0.25,139.0,0.25,0.25,0.25,0.0,0.0,0.25,0.0,0.0,0.0,0.0,0.0,0.0,0.0,0.0,0.0,0.0,0.0,0.0,0.0,0.0,0.0,0.0,0.0,0.0,0.0
Al0.25Co0.25Fe0.25Ni0.25,430.0,0.25,0.25,0.25,0.0,0.25,0.0,0.0,0.0,0.0,0.0,0.0,0.0,0.0,0.0,0.0,0.0,0.0,0.0,0.0,0.0,0.0,0.0,0.0,0.0,0.0
Al0.2Co0.2Cr0.2Fe0.2Ni0.2,516.0,0.2,0.2,0.2,0.0,0.2,0.2,0.0,0.0,0.0,0.0,0.0,0.0,0.0,0.0,0.0,0.0,0.0,0.0,0.0,0.0,0.0,0.0,0.0,0.0,0.0
Al0.43Co0.06Cr0.33Cu0.06Fe0.06Ni0.06,764.0,0.06,0.06,0.06,0.0,0.43,0.33,0.0,0.0,0.06,0.0,0.0,0.0,0.0,0.0,0.0,0.0,0.0,0.0,0.0,0.0,0.0,0.0,0.0,0.0,0.0
Al0.42942943Co0.14314314Cr0.07107107Cu0.07107107Fe0.07107107Ni0.21421421,591.0,0.14314314,0.07107107,0.21421421,0.0,0.42942943,0.07107107,0.0,0.0,0.07107107,0.0,0.0,0.0,0.0,0.0,0.0,0.0,0.0,0.0,0.0,0.0,0.0,0.0,0.0,0.0,0.0
Al0.42942943Co0.21421421Cr0.07107107Cu0.07107107Fe0.07107107Ni0.14314314,701.0,0.21421421,0.07107107,0.14314314,0.0,0.42942943,0.07107107,0.0,0.0,0.07107107,0.0,0.0,0.0,0.0,0.0,0.0,0.0,0.0,0.0,0.0,0.0,0.0,0.0,0.0,0.0,0.0
Al0.4Co0.133Cr0.067Cu0.133Fe0.2Ni0.067,768.0,0.133,0.2,0.067,0.0,0.4,0.067,0.0,0.0,0.133,0.0,0.0,0.0,0.0,0.0,0.0,0.0,0.0,0.0,0.0,0.0,0.0,0.0,0.0,0.0,0.0
Al0.46153846Co0.15384615Cr0.07692308Cu0.07692308Fe0.15384615Ni0.07692308,702.0,0.15384615,0.15384615,0.07692308,0.0,0.46153846,0.07692308,0.0,0.0,0.07692308,0.0,0.0,0.0,0.0,0.0,0.0,0.0,0.0,0.0,0.0,0.0,0.0,0.0,0.0,0.0,0.0
Al0.429Co0.143Cr0.143Cu0.071Fe0.071Ni0.143,720.0,0.143,0.071,0.143,0.0,0.429,0.143,0.0,0.0,0.071,0.0,0.0,0.0,0.0,0.0,0.0,0.0,0.0,0.0,0.0,0.0,0.0,0.0,0.0,0.0,0.0
Al0.429Co0.071Cr0.143Cu0.071Fe0.143Ni0.143,694.0,0.071,0.143,0.143,0.0,0.429,0.143,0.0,0.0,0.071,0.0,0.0,0.0,0.0,0.0,0.0,0.0,0.0,0.0,0.0,0.0,0.0,0.0,0.0,0.0,0.0
Al0.06993007Cr0.23276723Fe0.23276723Ni0.46453546,149.0,0.0,0.23276723,0.46453546,0.0,0.06993007,0.23276723,0.0,0.0,0.0,0.0,0.0,0.0,0.0,0.0,0.0,0.0,0.0,0.0,0.0,0.0,0.0,0.0,0.0,0.0,0.0
Al0.11111111Cr0.22222222Fe0.22222222Ni0.44444444,229.0,0.0,0.22222222,0.44444444,0.0,0.11111111,0.22222222,0.0,0.0,0.0,0.0,0.0,0.0,0.0,0.0,0.0,0.0,0.0,0.0,0.0,0.0,0.0,0.0,0.0,0.0,0.0
Al0.13Cr0.28Cu0.22Fe0.06Ni0.31,459.0,0.0,0.06,0.31,0.0,0.13,0.28,0.0,0.0,0.22,0.0,0.0,0.0,0.0,0.0,0.0,0.0,0.0,0.0,0.0,0.0,0.0,0.0,0.0,0.0,0.0
Al0.12Cr0.31Cu0.2Fe0.05Ni0.32,483.0,0.0,0.05,0.32,0.0,0.12,0.31,0.0,0.0,0.2,0.0,0.0,0.0,0.0,0.0,0.0,0.0,0.0,0.0,0.0,0.0,0.0,0.0,0.0,0.0,0.0
Al0.1Cr0.35Cu0.24Fe0.05Ni0.26,441.0,0.0,0.05,0.26,0.0,0.1,0.35,0.0,0.0,0.24,0.0,0.0,0.0,0.0,0.0,0.0,0.0,0.0,0.0,0.0,0.0,0.0,0.0,0.0,0.0,0.0
Al0.11Cr0.29Cu0.29Fe0.05Ni0.26,495.0,0.0,0.05,0.26,0.0,0.11,0.29,0.0,0.0,0.29,0.0,0.0,0.0,0.0,0.0,0.0,0.0,0.0,0.0,0.0,0.0,0.0,0.0,0.0,0.0,0.0
Al0.11Cr0.28Cu0.29Fe0.07Ni0.25,477.0,0.0,0.07,0.25,0.0,0.11,0.28,0.0,0.0,0.29,0.0,0.0,0.0,0.0,0.0,0.0,0.0,0.0,0.0,0.0,0.0,0.0,0.0,0.0,0.0,0.0
Al0.11Cr0.28Cu0.27Fe0.06Ni0.28,469.0,0.0,0.06,0.28,0.0,0.11,0.28,0.0,0.0,0.27,0.0,0.0,0.0,0.0,0.0,0.0,0.0,0.0,0.0,0.0,0.0,0.0,0.0,0.0,0.0,0.0
